Trimestre,Estado,Ingreso en millones de dolares
01/01/2003,Aguascalientes,62.4429
01/04/2003,Aguascalientes,58.7056
01/07/2003,Aguascalientes,68.7904
01/10/2003,Aguascalientes,70.3289
01/01/2004,Aguascalientes,73.5442
01/04/2004,Aguascalientes,82.3219
01/07/2004,Aguascalientes,82.9733
01/10/2004,Aguascalientes,75.995
01/01/2005,Aguascalientes,67.808
01/04/2005,Aguascalientes,77.9847
01/07/2005,Aguascalientes,87.5852
01/10/2005,Aguascalientes,89.2073
01/01/2006,Aguascalientes,82.1946
01/04/2006,Aguascalientes,100.4855
01/07/2006,Aguascalientes,100.8364
01/10/2006,Aguascalientes,95.8714
01/01/2007,Aguascalientes,94.6044
01/04/2007,Aguascalientes,99.2885
01/07/2007,Aguascalientes,95.228
01/10/2007,Aguascalientes,83.902
01/01/2008,Aguascalientes,72.1281
01/04/2008,Aguascalientes,87.4482
01/07/2008,Aguascalientes,91.3643
01/10/2008,Aguascalientes,81.3932
01/01/2009,Aguascalientes,74.6774
01/04/2009,Aguascalientes,75.4587
01/07/2009,Aguascalientes,68.2654
01/10/2009,Aguascalientes,63.8108
01/01/2010,Aguascalientes,67.4965
01/04/2010,Aguascalientes,79.1047
01/07/2010,Aguascalientes,75.6273
01/10/2010,Aguascalientes,71.6935
01/01/2011,Aguascalientes,69.0867
01/04/2011,Aguascalientes,79.407
01/07/2011,Aguascalientes,81.4962
01/10/2011,Aguascalientes,76.3324
01/01/2012,Aguascalientes,78.3773
01/04/2012,Aguascalientes,96.8995
01/07/2012,Aguascalientes,82.2707
01/10/2012,Aguascalientes,75.1202
01/01/2013,Aguascalientes,68.1282
01/04/2013,Aguascalientes,81.6936
01/07/2013,Aguascalientes,77.863
01/10/2013,Aguascalientes,77.9147
01/01/2014,Aguascalientes,76.1388
01/04/2014,Aguascalientes,83.4929
01/07/2014,Aguascalientes,81.0742
01/10/2014,Aguascalientes,83.1717
01/01/2015,Aguascalientes,80.557
01/04/2015,Aguascalientes,88.2038
01/07/2015,Aguascalientes,92.4914
01/10/2015,Aguascalientes,86.9748
01/01/2016,Aguascalientes,89.8222
01/04/2016,Aguascalientes,100.2131
01/07/2016,Aguascalientes,103.667
01/10/2016,Aguascalientes,102.2457
01/01/2017,Aguascalientes,99.844
01/04/2017,Aguascalientes,110.0001
01/07/2017,Aguascalientes,110.9344
01/10/2017,Aguascalientes,112.5692
01/01/2018,Aguascalientes,102.0709
01/04/2018,Aguascalientes,126.2512
01/07/2018,Aguascalientes,118.7743
01/10/2018,Aguascalientes,126.1517
01/01/2019,Aguascalientes,110.6163
01/04/2019,Aguascalientes,129.6806
01/07/2019,Aguascalientes,137.8002
01/10/2019,Aguascalientes,127.5781
01/01/2020,Aguascalientes,127.7942
01/04/2020,Aguascalientes,135.2717
01/07/2020,Aguascalientes,134.8497
01/10/2020,Aguascalientes,141.9874
01/01/2021,Aguascalientes,140.3132
01/04/2021,Aguascalientes,177.7184
01/01/2003,Baja California,28.5954
01/04/2003,Baja California,33.7084
01/07/2003,Baja California,44.3751
01/10/2003,Baja California,35.3224
01/01/2004,Baja California,34.4552
01/04/2004,Baja California,43.6774
01/07/2004,Baja California,45.6772
01/10/2004,Baja California,41.2188
01/01/2005,Baja California,52.4007
01/04/2005,Baja California,66.828
01/07/2005,Baja California,70.2093
01/10/2005,Baja California,67.1974
01/01/2006,Baja California,68.569
01/04/2006,Baja California,78.2581
01/07/2006,Baja California,80.2418
01/10/2006,Baja California,74.9955
01/01/2007,Baja California,75.9435
01/04/2007,Baja California,86.804
01/07/2007,Baja California,90.0918
01/10/2007,Baja California,81.74
01/01/2008,Baja California,77.876
01/04/2008,Baja California,88.1468
01/07/2008,Baja California,89.0078
01/10/2008,Baja California,79.2862
01/01/2009,Baja California,73.8543
01/04/2009,Baja California,83.327
01/07/2009,Baja California,86.4913
01/10/2009,Baja California,78.3913
01/01/2010,Baja California,77.084
01/04/2010,Baja California,91.6085
01/07/2010,Baja California,92.4289
01/10/2010,Baja California,86.8352
01/01/2011,Baja California,89.2406
01/04/2011,Baja California,101.6637
01/07/2011,Baja California,107.1542
01/10/2011,Baja California,98.6943
01/01/2012,Baja California,97.1407
01/04/2012,Baja California,117.2737
01/07/2012,Baja California,122.534
01/10/2012,Baja California,127.9115
01/01/2013,Baja California,137.0635
01/04/2013,Baja California,163.1497
01/07/2013,Baja California,163.4079
01/10/2013,Baja California,155.9607
01/01/2014,Baja California,145.3448
01/04/2014,Baja California,155.9564
01/07/2014,Baja California,159.4505
01/10/2014,Baja California,159.0984
01/01/2015,Baja California,152.9863
01/04/2015,Baja California,173.9016
01/07/2015,Baja California,182.6473
01/10/2015,Baja California,168.0687
01/01/2016,Baja California,169.1695
01/04/2016,Baja California,182.4093
01/07/2016,Baja California,177.0723
01/10/2016,Baja California,169.5472
01/01/2017,Baja California,173.0563
01/04/2017,Baja California,198.0333
01/07/2017,Baja California,209.0381
01/10/2017,Baja California,203.9035
01/01/2018,Baja California,192.4453
01/04/2018,Baja California,234.3133
01/07/2018,Baja California,232.8138
01/10/2018,Baja California,231.714
01/01/2019,Baja California,210.5144
01/04/2019,Baja California,244.293
01/07/2019,Baja California,257.0514
01/10/2019,Baja California,236.8688
01/01/2020,Baja California,264.1163
01/04/2020,Baja California,334.7347
01/07/2020,Baja California,332.6868
01/10/2020,Baja California,303.3563
01/01/2021,Baja California,301.1542
01/04/2021,Baja California,360.3484
01/01/2003,Baja California,3.9878
01/04/2003,Baja California,4.4807
01/07/2003,Baja California,6.0983
01/10/2003,Baja California,4.3827
01/01/2004,Baja California,3.7093
01/04/2004,Baja California,4.94
01/07/2004,Baja California,4.9491
01/10/2004,Baja California,4.2024
01/01/2005,Baja California,5.2842
01/04/2005,Baja California,6.2395
01/07/2005,Baja California,6.4133
01/10/2005,Baja California,6.5145
01/01/2006,Baja California,6.5564
01/04/2006,Baja California,7.5375
01/07/2006,Baja California,7.3143
01/10/2006,Baja California,7.1261
01/01/2007,Baja California,6.9685
01/04/2007,Baja California,7.9936
01/07/2007,Baja California,8.7557
01/10/2007,Baja California,8.2888
01/01/2008,Baja California,7.7355
01/04/2008,Baja California,8.7293
01/07/2008,Baja California,9.0581
01/10/2008,Baja California,9.1738
01/01/2009,Baja California,8.1605
01/04/2009,Baja California,8.0547
01/07/2009,Baja California,8.1067
01/10/2009,Baja California,7.5983
01/01/2010,Baja California,8.6622
01/04/2010,Baja California,8.5464
01/07/2010,Baja California,8.2586
01/10/2010,Baja California,8.2783
01/01/2011,Baja California,8.1083
01/04/2011,Baja California,9.3589
01/07/2011,Baja California,9.9774
01/10/2011,Baja California,9.2063
01/01/2012,Baja California,9.4402
01/04/2012,Baja California,10.6115
01/07/2012,Baja California,10.1858
01/10/2012,Baja California,11.1185
01/01/2013,Baja California,9.7651
01/04/2013,Baja California,11.1242
01/07/2013,Baja California,10.6262
01/10/2013,Baja California,14.2431
01/01/2014,Baja California,10.069
01/04/2014,Baja California,11.4266
01/07/2014,Baja California,12.1975
01/10/2014,Baja California,12.8911
01/01/2015,Baja California,11.5517
01/04/2015,Baja California,12.9243
01/07/2015,Baja California,13.3937
01/10/2015,Baja California,13.3264
01/01/2016,Baja California,12.906
01/04/2016,Baja California,14.2835
01/07/2016,Baja California,14.868
01/10/2016,Baja California,13.3286
01/01/2017,Baja California,14.9924
01/04/2017,Baja California,16.251
01/07/2017,Baja California,17.4516
01/10/2017,Baja California,17.8164
01/01/2018,Baja California,17.4431
01/04/2018,Baja California,20.0534
01/07/2018,Baja California,19.816
01/10/2018,Baja California,21.1652
01/01/2019,Baja California,19.2499
01/04/2019,Baja California,23.0141
01/07/2019,Baja California,22.9663
01/10/2019,Baja California,23.1061
01/01/2020,Baja California,22.2964
01/04/2020,Baja California,24.9397
01/07/2020,Baja California,34.8488
01/10/2020,Baja California,29.4685
01/01/2021,Baja California,29.323
01/04/2021,Baja California,34.4999
01/01/2003,Campeche,8.9093
01/04/2003,Campeche,14.2668
01/07/2003,Campeche,16.5759
01/10/2003,Campeche,11.8568
01/01/2004,Campeche,10.3901
01/04/2004,Campeche,14.048
01/07/2004,Campeche,14.939
01/10/2004,Campeche,13.924
01/01/2005,Campeche,13.129
01/04/2005,Campeche,17.4076
01/07/2005,Campeche,17.3155
01/10/2005,Campeche,17.874
01/01/2006,Campeche,18.2404
01/04/2006,Campeche,22.2706
01/07/2006,Campeche,21.4993
01/10/2006,Campeche,19.9983
01/01/2007,Campeche,18.3368
01/04/2007,Campeche,21.0857
01/07/2007,Campeche,21.4751
01/10/2007,Campeche,19.5168
01/01/2008,Campeche,16.5927
01/04/2008,Campeche,20.211
01/07/2008,Campeche,18.8467
01/10/2008,Campeche,17.1328
01/01/2009,Campeche,14.7971
01/04/2009,Campeche,14.6692
01/07/2009,Campeche,13.9402
01/10/2009,Campeche,12.4184
01/01/2010,Campeche,13.0847
01/04/2010,Campeche,14.7972
01/07/2010,Campeche,14.3003
01/10/2010,Campeche,12.8732
01/01/2011,Campeche,12.8965
01/04/2011,Campeche,15.5239
01/07/2011,Campeche,15.8585
01/10/2011,Campeche,13.5367
01/01/2012,Campeche,13.4282
01/04/2012,Campeche,15.9193
01/07/2012,Campeche,13.7413
01/10/2012,Campeche,12.532
01/01/2013,Campeche,11.612
01/04/2013,Campeche,14.5613
01/07/2013,Campeche,13.7888
01/10/2013,Campeche,14.9383
01/01/2014,Campeche,12.2982
01/04/2014,Campeche,15.1442
01/07/2014,Campeche,14.6907
01/10/2014,Campeche,13.634
01/01/2015,Campeche,12.8828
01/04/2015,Campeche,14.9061
01/07/2015,Campeche,14.904
01/10/2015,Campeche,13.8545
01/01/2016,Campeche,14.2744
01/04/2016,Campeche,16.7256
01/07/2016,Campeche,17.1889
01/10/2016,Campeche,16.9547
01/01/2017,Campeche,17.5106
01/04/2017,Campeche,19.031
01/07/2017,Campeche,19.4629
01/10/2017,Campeche,19.1638
01/01/2018,Campeche,16.9489
01/04/2018,Campeche,20.6043
01/07/2018,Campeche,20.876
01/10/2018,Campeche,20.8735
01/01/2019,Campeche,18.9125
01/04/2019,Campeche,23.7897
01/07/2019,Campeche,24.2564
01/10/2019,Campeche,21.8038
01/01/2020,Campeche,23.914
01/04/2020,Campeche,25.4014
01/07/2020,Campeche,35.3475
01/10/2020,Campeche,30.555
01/01/2021,Campeche,29.3031
01/04/2021,Campeche,37.3885
01/01/2003,Coahuila,28.9976
01/04/2003,Coahuila,34.4963
01/07/2003,Coahuila,38.9714
01/10/2003,Coahuila,37.3657
01/01/2004,Coahuila,34.7218
01/04/2004,Coahuila,45.3903
01/07/2004,Coahuila,47.8342
01/10/2004,Coahuila,52.0898
01/01/2005,Coahuila,52.1147
01/04/2005,Coahuila,62.0372
01/07/2005,Coahuila,63.0702
01/10/2005,Coahuila,63.5419
01/01/2006,Coahuila,63.4007
01/04/2006,Coahuila,73.7953
01/07/2006,Coahuila,71.7066
01/10/2006,Coahuila,66.4243
01/01/2007,Coahuila,66.5401
01/04/2007,Coahuila,78.7026
01/07/2007,Coahuila,76.9482
01/10/2007,Coahuila,71.0475
01/01/2008,Coahuila,65.0105
01/04/2008,Coahuila,76.5454
01/07/2008,Coahuila,70.6072
01/10/2008,Coahuila,66.199
01/01/2009,Coahuila,60.7406
01/04/2009,Coahuila,61.4305
01/07/2009,Coahuila,58.933
01/10/2009,Coahuila,53.0635
01/01/2010,Coahuila,58.0532
01/04/2010,Coahuila,60.9197
01/07/2010,Coahuila,59.2913
01/10/2010,Coahuila,55.7454
01/01/2011,Coahuila,55.2152
01/04/2011,Coahuila,64.9791
01/07/2011,Coahuila,64.8179
01/10/2011,Coahuila,61.957
01/01/2012,Coahuila,62.9102
01/04/2012,Coahuila,74.8558
01/07/2012,Coahuila,75.1477
01/10/2012,Coahuila,70.5956
01/01/2013,Coahuila,75.6802
01/04/2013,Coahuila,87.7625
01/07/2013,Coahuila,84.8156
01/10/2013,Coahuila,78.9341
01/01/2014,Coahuila,79.4514
01/04/2014,Coahuila,92.1145
01/07/2014,Coahuila,120.7202
01/10/2014,Coahuila,99.9693
01/01/2015,Coahuila,92.0097
01/04/2015,Coahuila,112.7057
01/07/2015,Coahuila,100.784
01/10/2015,Coahuila,95.4153
01/01/2016,Coahuila,93.4326
01/04/2016,Coahuila,106.6916
01/07/2016,Coahuila,108.0361
01/10/2016,Coahuila,111.9405
01/01/2017,Coahuila,109.9808
01/04/2017,Coahuila,126.0679
01/07/2017,Coahuila,131.004
01/10/2017,Coahuila,153.3541
01/01/2018,Coahuila,135.7919
01/04/2018,Coahuila,152.3128
01/07/2018,Coahuila,148.7562
01/10/2018,Coahuila,152.1087
01/01/2019,Coahuila,139.6597
01/04/2019,Coahuila,165.7706
01/07/2019,Coahuila,171.0495
01/10/2019,Coahuila,163.786
01/01/2020,Coahuila,160.5944
01/04/2020,Coahuila,183.239
01/07/2020,Coahuila,182.5131
01/10/2020,Coahuila,184.8591
01/01/2021,Coahuila,183.5633
01/04/2021,Coahuila,228.9021
01/01/2003,Colima,24.3048
01/04/2003,Colima,26.4262
01/07/2003,Colima,25.9999
01/10/2003,Colima,27.0087
01/01/2004,Colima,29.5465
01/04/2004,Colima,33.8036
01/07/2004,Colima,34.3311
01/10/2004,Colima,36.6642
01/01/2005,Colima,38.515
01/04/2005,Colima,42.4185
01/07/2005,Colima,42.0411
01/10/2005,Colima,42.1025
01/01/2006,Colima,42.9817
01/04/2006,Colima,47.8695
01/07/2006,Colima,46.7902
01/10/2006,Colima,45.458
01/01/2007,Colima,47.9253
01/04/2007,Colima,55.184
01/07/2007,Colima,51.1779
01/10/2007,Colima,45.3758
01/01/2008,Colima,42.7448
01/04/2008,Colima,47.5358
01/07/2008,Colima,46.1448
01/10/2008,Colima,48.2376
01/01/2009,Colima,45.3631
01/04/2009,Colima,41.8998
01/07/2009,Colima,40.1002
01/10/2009,Colima,37.4413
01/01/2010,Colima,40.8939
01/04/2010,Colima,44.8843
01/07/2010,Colima,43.642
01/10/2010,Colima,42.0981
01/01/2011,Colima,44.0247
01/04/2011,Colima,46.2423
01/07/2011,Colima,47.8114
01/10/2011,Colima,45.7439
01/01/2012,Colima,45.7617
01/04/2012,Colima,50.6983
01/07/2012,Colima,42.6619
01/10/2012,Colima,41.0481
01/01/2013,Colima,41.3592
01/04/2013,Colima,49.9285
01/07/2013,Colima,46.2587
01/10/2013,Colima,45.7579
01/01/2014,Colima,45.3559
01/04/2014,Colima,45.907
01/07/2014,Colima,68.7387
01/10/2014,Colima,56.7713
01/01/2015,Colima,57.3344
01/04/2015,Colima,61.4248
01/07/2015,Colima,55.8572
01/10/2015,Colima,54.0285
01/01/2016,Colima,56.1058
01/04/2016,Colima,61.6094
01/07/2016,Colima,63.8859
01/10/2016,Colima,70.5548
01/01/2017,Colima,65.2089
01/04/2017,Colima,75.5105
01/07/2017,Colima,77.2408
01/10/2017,Colima,85.5113
01/01/2018,Colima,83.4624
01/04/2018,Colima,83.3719
01/07/2018,Colima,73.5439
01/10/2018,Colima,81.569
01/01/2019,Colima,67.4691
01/04/2019,Colima,76.9046
01/07/2019,Colima,79.5152
01/10/2019,Colima,80.0409
01/01/2020,Colima,83.2237
01/04/2020,Colima,86.6159
01/07/2020,Colima,85.7324
01/10/2020,Colima,92.6577
01/01/2021,Colima,95.733
01/04/2021,Colima,109.5848
01/01/2003,Chiapas,86.784
01/04/2003,Chiapas,108.89
01/07/2003,Chiapas,117.8861
01/10/2003,Chiapas,121.5688
01/01/2004,Chiapas,108.1185
01/04/2004,Chiapas,162.05
01/07/2004,Chiapas,166.651
01/10/2004,Chiapas,150.7302
01/01/2005,Chiapas,148.3498
01/04/2005,Chiapas,202.8849
01/07/2005,Chiapas,209.6024
01/10/2005,Chiapas,204.5013
01/01/2006,Chiapas,206.0684
01/04/2006,Chiapas,264.0635
01/07/2006,Chiapas,246.8814
01/10/2006,Chiapas,223.8217
01/01/2007,Chiapas,202.3432
01/04/2007,Chiapas,243.5484
01/07/2007,Chiapas,254.0638
01/10/2007,Chiapas,221.1966
01/01/2008,Chiapas,183.9337
01/04/2008,Chiapas,225.1044
01/07/2008,Chiapas,215.9946
01/10/2008,Chiapas,186.0892
01/01/2009,Chiapas,151.9344
01/04/2009,Chiapas,165.1143
01/07/2009,Chiapas,161.3908
01/10/2009,Chiapas,131.2936
01/01/2010,Chiapas,122.4091
01/04/2010,Chiapas,163.9379
01/07/2010,Chiapas,157.4884
01/10/2010,Chiapas,130.62
01/01/2011,Chiapas,131.1926
01/04/2011,Chiapas,168.3967
01/07/2011,Chiapas,161.9014
01/10/2011,Chiapas,133.3374
01/01/2012,Chiapas,137.6118
01/04/2012,Chiapas,169.6967
01/07/2012,Chiapas,138.1476
01/10/2012,Chiapas,127.2785
01/01/2013,Chiapas,115.3825
01/04/2013,Chiapas,138.5823
01/07/2013,Chiapas,129.0062
01/10/2013,Chiapas,118.879
01/01/2014,Chiapas,124.8922
01/04/2014,Chiapas,146.0251
01/07/2014,Chiapas,108.4853
01/10/2014,Chiapas,122.6987
01/01/2015,Chiapas,127.4033
01/04/2015,Chiapas,135.4065
01/07/2015,Chiapas,160.027
01/10/2015,Chiapas,153.9332
01/01/2016,Chiapas,145.8517
01/04/2016,Chiapas,144.8183
01/07/2016,Chiapas,143.7785
01/10/2016,Chiapas,142.1463
01/01/2017,Chiapas,153.3761
01/04/2017,Chiapas,160.5252
01/07/2017,Chiapas,166.4373
01/10/2017,Chiapas,168.5304
01/01/2018,Chiapas,169.1253
01/04/2018,Chiapas,211.0624
01/07/2018,Chiapas,215.465
01/10/2018,Chiapas,224.8884
01/01/2019,Chiapas,222.7728
01/04/2019,Chiapas,279.8622
01/07/2019,Chiapas,268.5686
01/10/2019,Chiapas,235.8556
01/01/2020,Chiapas,250.5272
01/04/2020,Chiapas,255.6334
01/07/2020,Chiapas,317.5258
01/10/2020,Chiapas,319.1377
01/01/2021,Chiapas,345.4644
01/04/2021,Chiapas,444.284
01/01/2003,Chihuahua,50.515
01/04/2003,Chihuahua,58.3548
01/07/2003,Chihuahua,67.9352
01/10/2003,Chihuahua,59.8691
01/01/2004,Chihuahua,57.0475
01/04/2004,Chihuahua,76.3738
01/07/2004,Chihuahua,77.639
01/10/2004,Chihuahua,68.3612
01/01/2005,Chihuahua,81.0961
01/04/2005,Chihuahua,103.712
01/07/2005,Chihuahua,102.5278
01/10/2005,Chihuahua,101.8522
01/01/2006,Chihuahua,113.8334
01/04/2006,Chihuahua,130.1335
01/07/2006,Chihuahua,119.058
01/10/2006,Chihuahua,110.9057
01/01/2007,Chihuahua,105.4463
01/04/2007,Chihuahua,115.23
01/07/2007,Chihuahua,121.7652
01/10/2007,Chihuahua,117.7763
01/01/2008,Chihuahua,112.852
01/04/2008,Chihuahua,128.9261
01/07/2008,Chihuahua,120.4845
01/10/2008,Chihuahua,112.5278
01/01/2009,Chihuahua,107.4978
01/04/2009,Chihuahua,105.9515
01/07/2009,Chihuahua,101.5411
01/10/2009,Chihuahua,92.8345
01/01/2010,Chihuahua,97.8417
01/04/2010,Chihuahua,105.8899
01/07/2010,Chihuahua,100.2682
01/10/2010,Chihuahua,93.842
01/01/2011,Chihuahua,97.4327
01/04/2011,Chihuahua,109.3475
01/07/2011,Chihuahua,109.5461
01/10/2011,Chihuahua,102.9709
01/01/2012,Chihuahua,107.7142
01/04/2012,Chihuahua,130.1724
01/07/2012,Chihuahua,118.7217
01/10/2012,Chihuahua,110.2108
01/01/2013,Chihuahua,121.4266
01/04/2013,Chihuahua,138.4651
01/07/2013,Chihuahua,134.5644
01/10/2013,Chihuahua,124.7605
01/01/2014,Chihuahua,133.3558
01/04/2014,Chihuahua,147.6889
01/07/2014,Chihuahua,128.3004
01/10/2014,Chihuahua,144.8547
01/01/2015,Chihuahua,141.7042
01/04/2015,Chihuahua,177.7646
01/07/2015,Chihuahua,172.8966
01/10/2015,Chihuahua,160.4097
01/01/2016,Chihuahua,163.8925
01/04/2016,Chihuahua,183.3595
01/07/2016,Chihuahua,184.9891
01/10/2016,Chihuahua,173.1972
01/01/2017,Chihuahua,187.7753
01/04/2017,Chihuahua,205.5889
01/07/2017,Chihuahua,211.9919
01/10/2017,Chihuahua,220.2941
01/01/2018,Chihuahua,204.5035
01/04/2018,Chihuahua,263.5573
01/07/2018,Chihuahua,261.2205
01/10/2018,Chihuahua,262.5598
01/01/2019,Chihuahua,249.0883
01/04/2019,Chihuahua,302.1997
01/07/2019,Chihuahua,305.7095
01/10/2019,Chihuahua,277.5318
01/01/2020,Chihuahua,285.0273
01/04/2020,Chihuahua,349.1137
01/07/2020,Chihuahua,335.8234
01/10/2020,Chihuahua,308.7654
01/01/2021,Chihuahua,338.5255
01/04/2021,Chihuahua,412.6818
01/01/2003,Ciudad de México,159.7439
01/04/2003,Ciudad de México,203.4132
01/07/2003,Ciudad de México,236.9725
01/10/2003,Ciudad de México,214.6294
01/01/2004,Ciudad de México,187.3776
01/04/2004,Ciudad de México,251.2259
01/07/2004,Ciudad de México,247.4253
01/10/2004,Ciudad de México,235.6437
01/01/2005,Ciudad de México,253.3276
01/04/2005,Ciudad de México,328.8473
01/07/2005,Ciudad de México,347.5536
01/10/2005,Ciudad de México,382.9214
01/01/2006,Ciudad de México,394.7934
01/04/2006,Ciudad de México,386.1937
01/07/2006,Ciudad de México,362.8837
01/10/2006,Ciudad de México,346.5225
01/01/2007,Ciudad de México,248.2769
01/04/2007,Ciudad de México,269.9448
01/07/2007,Ciudad de México,274.5622
01/10/2007,Ciudad de México,265.7777
01/01/2008,Ciudad de México,248.2539
01/04/2008,Ciudad de México,289.1037
01/07/2008,Ciudad de México,269.4708
01/10/2008,Ciudad de México,277.0339
01/01/2009,Ciudad de México,247.7919
01/04/2009,Ciudad de México,249.6891
01/07/2009,Ciudad de México,244.3822
01/10/2009,Ciudad de México,223.9916
01/01/2010,Ciudad de México,224.2872
01/04/2010,Ciudad de México,267.1901
01/07/2010,Ciudad de México,262.1296
01/10/2010,Ciudad de México,245.6721
01/01/2011,Ciudad de México,250.7445
01/04/2011,Ciudad de México,297.9777
01/07/2011,Ciudad de México,311.5597
01/10/2011,Ciudad de México,291.6427
01/01/2012,Ciudad de México,287.1571
01/04/2012,Ciudad de México,300.2027
01/07/2012,Ciudad de México,240.1006
01/10/2012,Ciudad de México,186.102
01/01/2013,Ciudad de México,299.549
01/04/2013,Ciudad de México,380.1811
01/07/2013,Ciudad de México,367.1149
01/10/2013,Ciudad de México,347.7484
01/01/2014,Ciudad de México,406.7641
01/04/2014,Ciudad de México,436.5493
01/07/2014,Ciudad de México,341.0972
01/10/2014,Ciudad de México,329.5391
01/01/2015,Ciudad de México,252.3952
01/04/2015,Ciudad de México,266.9578
01/07/2015,Ciudad de México,269.6135
01/10/2015,Ciudad de México,284.3088
01/01/2016,Ciudad de México,314.0065
01/04/2016,Ciudad de México,359.0052
01/07/2016,Ciudad de México,370.8367
01/10/2016,Ciudad de México,365.4528
01/01/2017,Ciudad de México,308.1035
01/04/2017,Ciudad de México,327.3466
01/07/2017,Ciudad de México,339.2728
01/10/2017,Ciudad de México,331.2119
01/01/2018,Ciudad de México,302.8225
01/04/2018,Ciudad de México,379.0855
01/07/2018,Ciudad de México,345.4959
01/10/2018,Ciudad de México,409.8275
01/01/2019,Ciudad de México,383.0683
01/04/2019,Ciudad de México,443.6658
01/07/2019,Ciudad de México,458.4224
01/10/2019,Ciudad de México,438.509
01/01/2020,Ciudad de México,480.1652
01/04/2020,Ciudad de México,498.4112
01/07/2020,Ciudad de México,584.5409
01/10/2020,Ciudad de México,578.3983
01/01/2021,Ciudad de México,610.1813
01/04/2021,Ciudad de México,715.8643
01/01/2003,Durango,56.2264
01/04/2003,Durango,68.0159
01/07/2003,Durango,70.7405
01/10/2003,Durango,67.504
01/01/2004,Durango,67.0911
01/04/2004,Durango,87.5094
01/07/2004,Durango,88.8864
01/10/2004,Durango,86.1804
01/01/2005,Durango,83.636
01/04/2005,Durango,104.5778
01/07/2005,Durango,102.1362
01/10/2005,Durango,93.9506
01/01/2006,Durango,95.7312
01/04/2006,Durango,116.9134
01/07/2006,Durango,111.6796
01/10/2006,Durango,104.1717
01/01/2007,Durango,102.9435
01/04/2007,Durango,119.1787
01/07/2007,Durango,119.8897
01/10/2007,Durango,111.0419
01/01/2008,Durango,102.6949
01/04/2008,Durango,120.9582
01/07/2008,Durango,112.8513
01/10/2008,Durango,105.4968
01/01/2009,Durango,97.5578
01/04/2009,Durango,99.2683
01/07/2009,Durango,93.5638
01/10/2009,Durango,84.3969
01/01/2010,Durango,84.4473
01/04/2010,Durango,103.7767
01/07/2010,Durango,97.7085
01/10/2010,Durango,93.17
01/01/2011,Durango,93.266
01/04/2011,Durango,110.6457
01/07/2011,Durango,111.0496
01/10/2011,Durango,101.6582
01/01/2012,Durango,100.5991
01/04/2012,Durango,119.6335
01/07/2012,Durango,108.8925
01/10/2012,Durango,101.9645
01/01/2013,Durango,100.4012
01/04/2013,Durango,122.8904
01/07/2013,Durango,119.2885
01/10/2013,Durango,116.3309
01/01/2014,Durango,106.2887
01/04/2014,Durango,124.9961
01/07/2014,Durango,130.5383
01/10/2014,Durango,129.1464
01/01/2015,Durango,117.1409
01/04/2015,Durango,196.5377
01/07/2015,Durango,145.8666
01/10/2015,Durango,133.918
01/01/2016,Durango,128.5103
01/04/2016,Durango,154.9773
01/07/2016,Durango,163.9028
01/10/2016,Durango,156.5759
01/01/2017,Durango,149.2855
01/04/2017,Durango,181.2834
01/07/2017,Durango,194.5927
01/10/2017,Durango,190.1103
01/01/2018,Durango,159.7752
01/04/2018,Durango,218.4201
01/07/2018,Durango,218.5424
01/10/2018,Durango,212.1512
01/01/2019,Durango,178.7915
01/04/2019,Durango,226.2949
01/07/2019,Durango,248.1987
01/10/2019,Durango,226.1935
01/01/2020,Durango,214.7269
01/04/2020,Durango,240.8553
01/07/2020,Durango,246.2668
01/10/2020,Durango,253.3996
01/01/2021,Durango,246.082
01/04/2021,Durango,323.0532
01/01/2003,Estado de México,230.5399
01/04/2003,Estado de México,280.8131
01/07/2003,Estado de México,288.2926
01/10/2003,Estado de México,306.8104
01/01/2004,Estado de México,282.1747
01/04/2004,Estado de México,382.4993
01/07/2004,Estado de México,406.4079
01/10/2004,Estado de México,374.7064
01/01/2005,Estado de México,353.3164
01/04/2005,Estado de México,462.1955
01/07/2005,Estado de México,474.1299
01/10/2005,Estado de México,475.2358
01/01/2006,Estado de México,452.3239
01/04/2006,Estado de México,572.8749
01/07/2006,Estado de México,544.1694
01/10/2006,Estado de México,509.7796
01/01/2007,Estado de México,485.4589
01/04/2007,Estado de México,562.8682
01/07/2007,Estado de México,587.437
01/10/2007,Estado de México,531.254
01/01/2008,Estado de México,466.5684
01/04/2008,Estado de México,553.8718
01/07/2008,Estado de México,531.5007
01/10/2008,Estado de México,514.7625
01/01/2009,Estado de México,441.9883
01/04/2009,Estado de México,446.9798
01/07/2009,Estado de México,430.8442
01/10/2009,Estado de México,380.9564
01/01/2010,Estado de México,384.4495
01/04/2010,Estado de México,446.127
01/07/2010,Estado de México,424.4336
01/10/2010,Estado de México,382.54
01/01/2011,Estado de México,374.0619
01/04/2011,Estado de México,446.5075
01/07/2011,Estado de México,448.375
01/10/2011,Estado de México,389.4311
01/01/2012,Estado de México,376.1745
01/04/2012,Estado de México,446.6675
01/07/2012,Estado de México,381.4985
01/10/2012,Estado de México,359.4431
01/01/2013,Estado de México,331.9034
01/04/2013,Estado de México,392.9364
01/07/2013,Estado de México,367.0923
01/10/2013,Estado de México,341.0658
01/01/2014,Estado de México,335.7256
01/04/2014,Estado de México,373.9506
01/07/2014,Estado de México,370.9478
01/10/2014,Estado de México,381.5085
01/01/2015,Estado de México,369.4966
01/04/2015,Estado de México,397.8039
01/07/2015,Estado de México,405.7588
01/10/2015,Estado de México,386.2712
01/01/2016,Estado de México,380.2463
01/04/2016,Estado de México,416.0994
01/07/2016,Estado de México,399.2367
01/10/2016,Estado de México,411.3639
01/01/2017,Estado de México,411.0159
01/04/2017,Estado de México,454.8711
01/07/2017,Estado de México,449.0991
01/10/2017,Estado de México,462.7584
01/01/2018,Estado de México,415.6999
01/04/2018,Estado de México,510.651
01/07/2018,Estado de México,479.9084
01/10/2018,Estado de México,506.081
01/01/2019,Estado de México,454.6927
01/04/2019,Estado de México,539.1927
01/07/2019,Estado de México,542.1137
01/10/2019,Estado de México,518.8503
01/01/2020,Estado de México,540.7642
01/04/2020,Estado de México,531.9255
01/07/2020,Estado de México,692.7393
01/10/2020,Estado de México,650.2149
01/01/2021,Estado de México,628.8026
01/04/2021,Estado de México,783.5919
01/01/2003,Guanajuato,287.6171
01/04/2003,Guanajuato,379.5424
01/07/2003,Guanajuato,388.6516
01/10/2003,Guanajuato,351.6461
01/01/2004,Guanajuato,353.0338
01/04/2004,Guanajuato,483.5346
01/07/2004,Guanajuato,484.5806
01/10/2004,Guanajuato,406.8386
01/01/2005,Guanajuato,392.3325
01/04/2005,Guanajuato,526.3812
01/07/2005,Guanajuato,516.7954
01/10/2005,Guanajuato,469.2516
01/01/2006,Guanajuato,487.7
01/04/2006,Guanajuato,646.0754
01/07/2006,Guanajuato,629.0415
01/10/2006,Guanajuato,548.3864
01/01/2007,Guanajuato,528.8281
01/04/2007,Guanajuato,658.5406
01/07/2007,Guanajuato,644.9786
01/10/2007,Guanajuato,556.6485
01/01/2008,Guanajuato,521.8886
01/04/2008,Guanajuato,646.4238
01/07/2008,Guanajuato,595.8876
01/10/2008,Guanajuato,553.4678
01/01/2009,Guanajuato,499.6042
01/04/2009,Guanajuato,528.1867
01/07/2009,Guanajuato,497.4493
01/10/2009,Guanajuato,419.6305
01/01/2010,Guanajuato,432.7083
01/04/2010,Guanajuato,555.4349
01/07/2010,Guanajuato,525.4313
01/10/2010,Guanajuato,467.7576
01/01/2011,Guanajuato,473.4079
01/04/2011,Guanajuato,581.9586
01/07/2011,Guanajuato,586.8589
01/10/2011,Guanajuato,513.561
01/01/2012,Guanajuato,499.9676
01/04/2012,Guanajuato,631.7379
01/07/2012,Guanajuato,515.627
01/10/2012,Guanajuato,490.9629
01/01/2013,Guanajuato,451.9885
01/04/2013,Guanajuato,568.0388
01/07/2013,Guanajuato,509.1018
01/10/2013,Guanajuato,478.4533
01/01/2014,Guanajuato,489.301
01/04/2014,Guanajuato,564.3787
01/07/2014,Guanajuato,544.2585
01/10/2014,Guanajuato,498.5246
01/01/2015,Guanajuato,509.2074
01/04/2015,Guanajuato,540.9624
01/07/2015,Guanajuato,612.6407
01/10/2015,Guanajuato,555.652
01/01/2016,Guanajuato,550.7371
01/04/2016,Guanajuato,628.0464
01/07/2016,Guanajuato,625.5936
01/10/2016,Guanajuato,607.7674
01/01/2017,Guanajuato,606.8908
01/04/2017,Guanajuato,706.9571
01/07/2017,Guanajuato,707.4835
01/10/2017,Guanajuato,752.2154
01/01/2018,Guanajuato,633.4854
01/04/2018,Guanajuato,832.0547
01/07/2018,Guanajuato,773.9867
01/10/2018,Guanajuato,818.3405
01/01/2019,Guanajuato,695.5197
01/04/2019,Guanajuato,863.8333
01/07/2019,Guanajuato,907.2957
01/10/2019,Guanajuato,855.263
01/01/2020,Guanajuato,822.3762
01/04/2020,Guanajuato,917.2354
01/07/2020,Guanajuato,847.8681
01/10/2020,Guanajuato,881.2511
01/01/2021,Guanajuato,860.4866
01/04/2021,Guanajuato,"1,096.93"
01/01/2003,Guerrero,197.8474
01/04/2003,Guerrero,223.6489
01/07/2003,Guerrero,224.0639
01/10/2003,Guerrero,231.8889
01/01/2004,Guerrero,220.3849
01/04/2004,Guerrero,271.1678
01/07/2004,Guerrero,266.8503
01/10/2004,Guerrero,259.9445
01/01/2005,Guerrero,256.9729
01/04/2005,Guerrero,311.2756
01/07/2005,Guerrero,300.0687
01/10/2005,Guerrero,306.2901
01/01/2006,Guerrero,325.5995
01/04/2006,Guerrero,391.7443
01/07/2006,Guerrero,370.9933
01/10/2006,Guerrero,367.3848
01/01/2007,Guerrero,345.3268
01/04/2007,Guerrero,388.7175
01/07/2007,Guerrero,389.3539
01/10/2007,Guerrero,366.1606
01/01/2008,Guerrero,340.0444
01/04/2008,Guerrero,388.7503
01/07/2008,Guerrero,351.1277
01/10/2008,Guerrero,355.5396
01/01/2009,Guerrero,318.9848
01/04/2009,Guerrero,310.4665
01/07/2009,Guerrero,295.5771
01/10/2009,Guerrero,275.2327
01/01/2010,Guerrero,277.8127
01/04/2010,Guerrero,337.0437
01/07/2010,Guerrero,302.8649
01/10/2010,Guerrero,283.7603
01/01/2011,Guerrero,294.2487
01/04/2011,Guerrero,342.1935
01/07/2011,Guerrero,329.2488
01/10/2011,Guerrero,296.6662
01/01/2012,Guerrero,303.9454
01/04/2012,Guerrero,343.6958
01/07/2012,Guerrero,287.3849
01/10/2012,Guerrero,295.984
01/01/2013,Guerrero,281.207
01/04/2013,Guerrero,332.1242
01/07/2013,Guerrero,287.8894
01/10/2013,Guerrero,304.039
01/01/2014,Guerrero,284.4901
01/04/2014,Guerrero,314.669
01/07/2014,Guerrero,317.5415
01/10/2014,Guerrero,286.7815
01/01/2015,Guerrero,285.092
01/04/2015,Guerrero,338.5628
01/07/2015,Guerrero,329.6718
01/10/2015,Guerrero,323.3599
01/01/2016,Guerrero,333.3327
01/04/2016,Guerrero,359.7286
01/07/2016,Guerrero,329.3159
01/10/2016,Guerrero,347.7921
01/01/2017,Guerrero,357.8801
01/04/2017,Guerrero,383.9982
01/07/2017,Guerrero,361.4163
01/10/2017,Guerrero,386.9369
01/01/2018,Guerrero,364.2111
01/04/2018,Guerrero,437.3341
01/07/2018,Guerrero,391.0645
01/10/2018,Guerrero,427.5896
01/01/2019,Guerrero,397.4558
01/04/2019,Guerrero,461.2332
01/07/2019,Guerrero,453.137
01/10/2019,Guerrero,444.7929
01/01/2020,Guerrero,472.5111
01/04/2020,Guerrero,452.0717
01/07/2020,Guerrero,485.1573
01/10/2020,Guerrero,532.1243
01/01/2021,Guerrero,540.7533
01/04/2021,Guerrero,660.2454
01/01/2003,Hidalgo,117.1057
01/04/2003,Hidalgo,160.3518
01/07/2003,Hidalgo,172.8014
01/10/2003,Hidalgo,158.1896
01/01/2004,Hidalgo,138.3583
01/04/2004,Hidalgo,204.3108
01/07/2004,Hidalgo,206.1733
01/10/2004,Hidalgo,176.7416
01/01/2005,Hidalgo,158.8898
01/04/2005,Hidalgo,222.4077
01/07/2005,Hidalgo,225.2904
01/10/2005,Hidalgo,208.3946
01/01/2006,Hidalgo,206.8253
01/04/2006,Hidalgo,277.8944
01/07/2006,Hidalgo,263.7453
01/10/2006,Hidalgo,234.3818
01/01/2007,Hidalgo,238.9438
01/04/2007,Hidalgo,299.6473
01/07/2007,Hidalgo,297.2539
01/10/2007,Hidalgo,256.3808
01/01/2008,Hidalgo,216.0516
01/04/2008,Hidalgo,268.6124
01/07/2008,Hidalgo,245.0883
01/10/2008,Hidalgo,231.2179
01/01/2009,Hidalgo,190.9996
01/04/2009,Hidalgo,206.1857
01/07/2009,Hidalgo,193.3901
01/10/2009,Hidalgo,161.4905
01/01/2010,Hidalgo,155.0171
01/04/2010,Hidalgo,202.8274
01/07/2010,Hidalgo,192.7422
01/10/2010,Hidalgo,164.925
01/01/2011,Hidalgo,160.713
01/04/2011,Hidalgo,208.5627
01/07/2011,Hidalgo,213.2398
01/10/2011,Hidalgo,180.1462
01/01/2012,Hidalgo,167.144
01/04/2012,Hidalgo,220.8771
01/07/2012,Hidalgo,174.977
01/10/2012,Hidalgo,158.4901
01/01/2013,Hidalgo,133.5088
01/04/2013,Hidalgo,167.6663
01/07/2013,Hidalgo,169.4825
01/10/2013,Hidalgo,159.4831
01/01/2014,Hidalgo,134.5344
01/04/2014,Hidalgo,164.4866
01/07/2014,Hidalgo,190.0364
01/10/2014,Hidalgo,231.4415
01/01/2015,Hidalgo,180.902
01/04/2015,Hidalgo,182.7953
01/07/2015,Hidalgo,192.6684
01/10/2015,Hidalgo,171.329
01/01/2016,Hidalgo,166.5018
01/04/2016,Hidalgo,201.3261
01/07/2016,Hidalgo,201.0946
01/10/2016,Hidalgo,194.824
01/01/2017,Hidalgo,189.1456
01/04/2017,Hidalgo,214.6278
01/07/2017,Hidalgo,214.0477
01/10/2017,Hidalgo,216.851
01/01/2018,Hidalgo,185.0761
01/04/2018,Hidalgo,249.0207
01/07/2018,Hidalgo,234.2932
01/10/2018,Hidalgo,236.5755
01/01/2019,Hidalgo,201.5517
01/04/2019,Hidalgo,254.7647
01/07/2019,Hidalgo,266.9913
01/10/2019,Hidalgo,239.001
01/01/2020,Hidalgo,232.7981
01/04/2020,Hidalgo,249.9561
01/07/2020,Hidalgo,277.1654
01/10/2020,Hidalgo,263.0243
01/01/2021,Hidalgo,253.3405
01/04/2021,Hidalgo,325.3265
01/01/2003,Jalisco,281.2503
01/04/2003,Jalisco,363.3593
01/07/2003,Jalisco,372.2595
01/10/2003,Jalisco,318.196
01/01/2004,Jalisco,314.2456
01/04/2004,Jalisco,390.9972
01/07/2004,Jalisco,383.6351
01/10/2004,Jalisco,373.3512
01/01/2005,Jalisco,374.5538
01/04/2005,Jalisco,438.8012
01/07/2005,Jalisco,440.7185
01/10/2005,Jalisco,441.6665
01/01/2006,Jalisco,451.9396
01/04/2006,Jalisco,520.156
01/07/2006,Jalisco,502.4231
01/10/2006,Jalisco,500.9563
01/01/2007,Jalisco,483.6008
01/04/2007,Jalisco,520.4847
01/07/2007,Jalisco,511.0421
01/10/2007,Jalisco,481.5331
01/01/2008,Jalisco,453.3153
01/04/2008,Jalisco,507.8915
01/07/2008,Jalisco,473.5364
01/10/2008,Jalisco,480.0506
01/01/2009,Jalisco,455.3365
01/04/2009,Jalisco,448.9797
01/07/2009,Jalisco,409.8681
01/10/2009,Jalisco,380.9075
01/01/2010,Jalisco,413.4921
01/04/2010,Jalisco,470.3065
01/07/2010,Jalisco,444.3774
01/10/2010,Jalisco,427.3934
01/01/2011,Jalisco,438.0735
01/04/2011,Jalisco,486.7138
01/07/2011,Jalisco,504.2452
01/10/2011,Jalisco,466.7539
01/01/2012,Jalisco,463.4339
01/04/2012,Jalisco,542.9039
01/07/2012,Jalisco,436.4033
01/10/2012,Jalisco,440.7644
01/01/2013,Jalisco,402.7842
01/04/2013,Jalisco,479.9296
01/07/2013,Jalisco,438.796
01/10/2013,Jalisco,433.5058
01/01/2014,Jalisco,459.3074
01/04/2014,Jalisco,489.0293
01/07/2014,Jalisco,464.1249
01/10/2014,Jalisco,547.3912
01/01/2015,Jalisco,539.3932
01/04/2015,Jalisco,505.4824
01/07/2015,Jalisco,577.65
01/10/2015,Jalisco,551.5886
01/01/2016,Jalisco,587.3121
01/04/2016,Jalisco,651.8037
01/07/2016,Jalisco,636.1883
01/10/2016,Jalisco,645.498
01/01/2017,Jalisco,652.4474
01/04/2017,Jalisco,720.1047
01/07/2017,Jalisco,727.2037
01/10/2017,Jalisco,781.6861
01/01/2018,Jalisco,710.564
01/04/2018,Jalisco,906.6662
01/07/2018,Jalisco,800.3391
01/10/2018,Jalisco,887.2411
01/01/2019,Jalisco,782.9951
01/04/2019,Jalisco,909.4205
01/07/2019,Jalisco,942.5295
01/10/2019,Jalisco,902.0227
01/01/2020,Jalisco,989.6766
01/04/2020,Jalisco,"1,043.21"
01/07/2020,Jalisco,"1,038.71"
01/10/2020,Jalisco,"1,081.60"
01/01/2021,Jalisco,"1,166.85"
01/04/2021,Jalisco,"1,325.76"
01/01/2003,Michoacán,394.2626
01/04/2003,Michoacán,466.3701
01/07/2003,Michoacán,473.9192
01/10/2003,Michoacán,452.9158
01/01/2004,Michoacán,474.7085
01/04/2004,Michoacán,630.2875
01/07/2004,Michoacán,615.119
01/10/2004,Michoacán,561.2882
01/01/2005,Michoacán,532.1029
01/04/2005,Michoacán,652.5181
01/07/2005,Michoacán,642.3117
01/10/2005,Michoacán,615.4683
01/01/2006,Michoacán,595.8028
01/04/2006,Michoacán,674.4036
01/07/2006,Michoacán,641.4188
01/10/2006,Michoacán,592.067
01/01/2007,Michoacán,580.2547
01/04/2007,Michoacán,645.1319
01/07/2007,Michoacán,635.3457
01/10/2007,Michoacán,575.0728
01/01/2008,Michoacán,567.874
01/04/2008,Michoacán,656.0174
01/07/2008,Michoacán,611.5091
01/10/2008,Michoacán,613.4618
01/01/2009,Michoacán,563.8988
01/04/2009,Michoacán,558.7366
01/07/2009,Michoacán,530.2964
01/10/2009,Michoacán,479.3517
01/01/2010,Michoacán,496.9437
01/04/2010,Michoacán,585.3163
01/07/2010,Michoacán,549.6632
01/10/2010,Michoacán,512.5789
01/01/2011,Michoacán,517.7296
01/04/2011,Michoacán,584.8513
01/07/2011,Michoacán,590.787
01/10/2011,Michoacán,551.6884
01/01/2012,Michoacán,539.7554
01/04/2012,Michoacán,635.5297
01/07/2012,Michoacán,520.0262
01/10/2012,Michoacán,514.0446
01/01/2013,Michoacán,473.2018
01/04/2013,Michoacán,557.0199
01/07/2013,Michoacán,508.3566
01/10/2013,Michoacán,510.145
01/01/2014,Michoacán,516.3998
01/04/2014,Michoacán,560.7314
01/07/2014,Michoacán,560.1193
01/10/2014,Michoacán,606.7766
01/01/2015,Michoacán,602.9751
01/04/2015,Michoacán,585.7803
01/07/2015,Michoacán,660.3542
01/10/2015,Michoacán,638.5099
01/01/2016,Michoacán,643.1071
01/04/2016,Michoacán,702.6053
01/07/2016,Michoacán,682.2493
01/10/2016,Michoacán,717.467
01/01/2017,Michoacán,701.9936
01/04/2017,Michoacán,761.6517
01/07/2017,Michoacán,748.2775
01/10/2017,Michoacán,826.0102
01/01/2018,Michoacán,731.1634
01/04/2018,Michoacán,909.449
01/07/2018,Michoacán,821.8907
01/10/2018,Michoacán,943.1765
01/01/2019,Michoacán,789.5198
01/04/2019,Michoacán,921.3376
01/07/2019,Michoacán,959.3305
01/10/2019,Michoacán,952.954
01/01/2020,Michoacán,963.2352
01/04/2020,Michoacán,"1,009.03"
01/07/2020,Michoacán,995.8123
01/10/2020,Michoacán,"1,087.60"
01/01/2021,Michoacán,"1,047.64"
01/04/2021,Michoacán,"1,273.03"
01/01/2003,Morelos,82.0447
01/04/2003,Morelos,96.0133
01/07/2003,Morelos,98.1532
01/10/2003,Morelos,96.9521
01/01/2004,Morelos,90.7133
01/04/2004,Morelos,114.6308
01/07/2004,Morelos,116.5146
01/10/2004,Morelos,111.3236
01/01/2005,Morelos,106.3381
01/04/2005,Morelos,132.1542
01/07/2005,Morelos,132.9232
01/10/2005,Morelos,133.7358
01/01/2006,Morelos,132.1375
01/04/2006,Morelos,155.9915
01/07/2006,Morelos,152.3371
01/10/2006,Morelos,147.5335
01/01/2007,Morelos,145.1718
01/04/2007,Morelos,164.0729
01/07/2007,Morelos,167.2409
01/10/2007,Morelos,158.9156
01/01/2008,Morelos,144.1728
01/04/2008,Morelos,166.0533
01/07/2008,Morelos,157.321
01/10/2008,Morelos,155.0456
01/01/2009,Morelos,141.656
01/04/2009,Morelos,143.1162
01/07/2009,Morelos,137.3187
01/10/2009,Morelos,126.0309
01/01/2010,Morelos,131.402
01/04/2010,Morelos,150.5298
01/07/2010,Morelos,141.4435
01/10/2010,Morelos,131.4844
01/01/2011,Morelos,134.1881
01/04/2011,Morelos,156.8732
01/07/2011,Morelos,156.4467
01/10/2011,Morelos,139.3072
01/01/2012,Morelos,135.5411
01/04/2012,Morelos,161.0558
01/07/2012,Morelos,133.5706
01/10/2012,Morelos,131.0989
01/01/2013,Morelos,117.1541
01/04/2013,Morelos,140.4843
01/07/2013,Morelos,127.8268
01/10/2013,Morelos,129.0402
01/01/2014,Morelos,118.9023
01/04/2014,Morelos,142.8562
01/07/2014,Morelos,132.14
01/10/2014,Morelos,133.7646
01/01/2015,Morelos,127.7855
01/04/2015,Morelos,164.9286
01/07/2015,Morelos,143.0962
01/10/2015,Morelos,137.8687
01/01/2016,Morelos,138.6548
01/04/2016,Morelos,151.5423
01/07/2016,Morelos,144.4786
01/10/2016,Morelos,146.8549
01/01/2017,Morelos,147.7938
01/04/2017,Morelos,165.1253
01/07/2017,Morelos,164.6343
01/10/2017,Morelos,165.0631
01/01/2018,Morelos,147.0802
01/04/2018,Morelos,181.1188
01/07/2018,Morelos,169.071
01/10/2018,Morelos,179.0134
01/01/2019,Morelos,159.8714
01/04/2019,Morelos,186.6388
01/07/2019,Morelos,187.6218
01/10/2019,Morelos,176.1042
01/01/2020,Morelos,178.3393
01/04/2020,Morelos,174.198
01/07/2020,Morelos,196.7199
01/10/2020,Morelos,207.6418
01/01/2021,Morelos,201.8914
01/04/2021,Morelos,252.7726
01/01/2003,Nayarit,48.2627
01/04/2003,Nayarit,58.6294
01/07/2003,Nayarit,61.6351
01/10/2003,Nayarit,58.9999
01/01/2004,Nayarit,53.4939
01/04/2004,Nayarit,70.0164
01/07/2004,Nayarit,72.7572
01/10/2004,Nayarit,66.1352
01/01/2005,Nayarit,64.4181
01/04/2005,Nayarit,77.8645
01/07/2005,Nayarit,81.1892
01/10/2005,Nayarit,79.2144
01/01/2006,Nayarit,76.3275
01/04/2006,Nayarit,92.5076
01/07/2006,Nayarit,93.2885
01/10/2006,Nayarit,86.118
01/01/2007,Nayarit,82.4545
01/04/2007,Nayarit,96.0573
01/07/2007,Nayarit,102.5952
01/10/2007,Nayarit,94.0535
01/01/2008,Nayarit,83.3706
01/04/2008,Nayarit,98.0715
01/07/2008,Nayarit,97.3409
01/10/2008,Nayarit,97.667
01/01/2009,Nayarit,84.8838
01/04/2009,Nayarit,86.9034
01/07/2009,Nayarit,90.5033
01/10/2009,Nayarit,79.3391
01/01/2010,Nayarit,74.5696
01/04/2010,Nayarit,88.5654
01/07/2010,Nayarit,89.8966
01/10/2010,Nayarit,84.3659
01/01/2011,Nayarit,80.6943
01/04/2011,Nayarit,89.945
01/07/2011,Nayarit,98.2571
01/10/2011,Nayarit,87.4593
01/01/2012,Nayarit,80.13
01/04/2012,Nayarit,93.2212
01/07/2012,Nayarit,84.2082
01/10/2012,Nayarit,81.9581
01/01/2013,Nayarit,71.1607
01/04/2013,Nayarit,84.9164
01/07/2013,Nayarit,85.0934
01/10/2013,Nayarit,79.9077
01/01/2014,Nayarit,78.8177
01/04/2014,Nayarit,89.2461
01/07/2014,Nayarit,96.9162
01/10/2014,Nayarit,96.7934
01/01/2015,Nayarit,88.6991
01/04/2015,Nayarit,89.4095
01/07/2015,Nayarit,112.556
01/10/2015,Nayarit,101.7662
01/01/2016,Nayarit,95.316
01/04/2016,Nayarit,110.7152
01/07/2016,Nayarit,118.0538
01/10/2016,Nayarit,113.2801
01/01/2017,Nayarit,106.4665
01/04/2017,Nayarit,121.9421
01/07/2017,Nayarit,132.9309
01/10/2017,Nayarit,134.6389
01/01/2018,Nayarit,111.7381
01/04/2018,Nayarit,144.3327
01/07/2018,Nayarit,140.3713
01/10/2018,Nayarit,151.0867
01/01/2019,Nayarit,124.4215
01/04/2019,Nayarit,150.5684
01/07/2019,Nayarit,160.0953
01/10/2019,Nayarit,149.2288
01/01/2020,Nayarit,148.8044
01/04/2020,Nayarit,162.1382
01/07/2020,Nayarit,178.9731
01/10/2020,Nayarit,182.8545
01/01/2021,Nayarit,178.4192
01/04/2021,Nayarit,220.6817
01/01/2003,Nuevo León,32.2586
01/04/2003,Nuevo León,44.3049
01/07/2003,Nuevo León,56.301
01/10/2003,Nuevo León,56.3049
01/01/2004,Nuevo León,57.9099
01/04/2004,Nuevo León,80.1494
01/07/2004,Nuevo León,81.8962
01/10/2004,Nuevo León,75.8945
01/01/2005,Nuevo León,57.8435
01/04/2005,Nuevo León,74.9905
01/07/2005,Nuevo León,74.218
01/10/2005,Nuevo León,76.9313
01/01/2006,Nuevo León,78.4932
01/04/2006,Nuevo León,91.8939
01/07/2006,Nuevo León,88.9527
01/10/2006,Nuevo León,83.2128
01/01/2007,Nuevo León,74.1641
01/04/2007,Nuevo León,86.0045
01/07/2007,Nuevo León,85.7137
01/10/2007,Nuevo León,81.1827
01/01/2008,Nuevo León,74.9587
01/04/2008,Nuevo León,88.1786
01/07/2008,Nuevo León,81.287
01/10/2008,Nuevo León,79.3452
01/01/2009,Nuevo León,74.5152
01/04/2009,Nuevo León,76.5365
01/07/2009,Nuevo León,74.5311
01/10/2009,Nuevo León,67.4087
01/01/2010,Nuevo León,67.0188
01/04/2010,Nuevo León,75.0238
01/07/2010,Nuevo León,72.3992
01/10/2010,Nuevo León,69.5411
01/01/2011,Nuevo León,67.9952
01/04/2011,Nuevo León,81.4405
01/07/2011,Nuevo León,82.3149
01/10/2011,Nuevo León,77.1726
01/01/2012,Nuevo León,80.0014
01/04/2012,Nuevo León,92.7648
01/07/2012,Nuevo León,86.5519
01/10/2012,Nuevo León,80.7077
01/01/2013,Nuevo León,149.5409
01/04/2013,Nuevo León,156.023
01/07/2013,Nuevo León,148.1569
01/10/2013,Nuevo León,143.4316
01/01/2014,Nuevo León,139.8149
01/04/2014,Nuevo León,157.4373
01/07/2014,Nuevo León,158.1318
01/10/2014,Nuevo León,159.0881
01/01/2015,Nuevo León,148.3241
01/04/2015,Nuevo León,170.7373
01/07/2015,Nuevo León,169.3985
01/10/2015,Nuevo León,160.1616
01/01/2016,Nuevo León,158.1854
01/04/2016,Nuevo León,166.9308
01/07/2016,Nuevo León,158.8292
01/10/2016,Nuevo León,172.0127
01/01/2017,Nuevo León,202.8555
01/04/2017,Nuevo León,222.0804
01/07/2017,Nuevo León,220.7503
01/10/2017,Nuevo León,232.9164
01/01/2018,Nuevo León,213.5261
01/04/2018,Nuevo León,262.1962
01/07/2018,Nuevo León,238.471
01/10/2018,Nuevo León,239.8541
01/01/2019,Nuevo León,217.0341
01/04/2019,Nuevo León,255.8365
01/07/2019,Nuevo León,251.5108
01/10/2019,Nuevo León,235.8402
01/01/2020,Nuevo León,232.6416
01/04/2020,Nuevo León,247.2289
01/07/2020,Nuevo León,275.234
01/10/2020,Nuevo León,269.3184
01/01/2021,Nuevo León,262.3616
01/04/2021,Nuevo León,335.7915
01/01/2003,Oaxaca,160.9013
01/04/2003,Oaxaca,202.4293
01/07/2003,Oaxaca,216.9036
01/10/2003,Oaxaca,206.8831
01/01/2004,Oaxaca,185.4422
01/04/2004,Oaxaca,258.8522
01/07/2004,Oaxaca,269.0563
01/10/2004,Oaxaca,235.5084
01/01/2005,Oaxaca,215.4248
01/04/2005,Oaxaca,283.3189
01/07/2005,Oaxaca,296.3175
01/10/2005,Oaxaca,285.1875
01/01/2006,Oaxaca,287.9489
01/04/2006,Oaxaca,374.2358
01/07/2006,Oaxaca,363.359
01/10/2006,Oaxaca,334.6353
01/01/2007,Oaxaca,328.5859
01/04/2007,Oaxaca,395.6861
01/07/2007,Oaxaca,424.5006
01/10/2007,Oaxaca,368.6358
01/01/2008,Oaxaca,328.6822
01/04/2008,Oaxaca,402.0048
01/07/2008,Oaxaca,395.7189
01/10/2008,Oaxaca,395.842
01/01/2009,Oaxaca,324.5803
01/04/2009,Oaxaca,344.6705
01/07/2009,Oaxaca,339.9189
01/10/2009,Oaxaca,289.2979
01/01/2010,Oaxaca,281.1539
01/04/2010,Oaxaca,362.3867
01/07/2010,Oaxaca,350.2263
01/10/2010,Oaxaca,302.772
01/01/2011,Oaxaca,300.9076
01/04/2011,Oaxaca,378.2811
01/07/2011,Oaxaca,404.243
01/10/2011,Oaxaca,343.9532
01/01/2012,Oaxaca,319.0677
01/04/2012,Oaxaca,419.3346
01/07/2012,Oaxaca,327.5564
01/10/2012,Oaxaca,300.262
01/01/2013,Oaxaca,263.0254
01/04/2013,Oaxaca,319.2475
01/07/2013,Oaxaca,292.9603
01/10/2013,Oaxaca,275.6343
01/01/2014,Oaxaca,280.0083
01/04/2014,Oaxaca,307.7096
01/07/2014,Oaxaca,312.4469
01/10/2014,Oaxaca,314.629
01/01/2015,Oaxaca,307.5909
01/04/2015,Oaxaca,301.8868
01/07/2015,Oaxaca,344.0706
01/10/2015,Oaxaca,309.4014
01/01/2016,Oaxaca,324.6495
01/04/2016,Oaxaca,361.7344
01/07/2016,Oaxaca,361.745
01/10/2016,Oaxaca,372.0665
01/01/2017,Oaxaca,377.1089
01/04/2017,Oaxaca,385.5806
01/07/2017,Oaxaca,379.6599
01/10/2017,Oaxaca,391.8477
01/01/2018,Oaxaca,367.9059
01/04/2018,Oaxaca,475.9114
01/07/2018,Oaxaca,427.5236
01/10/2018,Oaxaca,465.5024
01/01/2019,Oaxaca,399.7735
01/04/2019,Oaxaca,472.6973
01/07/2019,Oaxaca,502.1831
01/10/2019,Oaxaca,448.748
01/01/2020,Oaxaca,484.2797
01/04/2020,Oaxaca,419.5818
01/07/2020,Oaxaca,502.4512
01/10/2020,Oaxaca,491.2529
01/01/2021,Oaxaca,496.0508
01/04/2021,Oaxaca,600.155
01/01/2003,Puebla,182.1825
01/04/2003,Puebla,219.0562
01/07/2003,Puebla,229.5919
01/10/2003,Puebla,223.0519
01/01/2004,Puebla,201.2476
01/04/2004,Puebla,272.226
01/07/2004,Puebla,276.8143
01/10/2004,Puebla,258.7673
01/01/2005,Puebla,235.7881
01/04/2005,Puebla,308.9204
01/07/2005,Puebla,320.9896
01/10/2005,Puebla,316.3653
01/01/2006,Puebla,314.3171
01/04/2006,Puebla,397.6006
01/07/2006,Puebla,394.7749
01/10/2006,Puebla,375.8809
01/01/2007,Puebla,358.7589
01/04/2007,Puebla,422.1417
01/07/2007,Puebla,433.1124
01/10/2007,Puebla,403.5465
01/01/2008,Puebla,363.2023
01/04/2008,Puebla,435.7338
01/07/2008,Puebla,419.2047
01/10/2008,Puebla,397.5314
01/01/2009,Puebla,338.9855
01/04/2009,Puebla,361.2579
01/07/2009,Puebla,355.8649
01/10/2009,Puebla,318.7751
01/01/2010,Puebla,302.6101
01/04/2010,Puebla,374.2941
01/07/2010,Puebla,362.2044
01/10/2010,Puebla,332.1136
01/01/2011,Puebla,331.7859
01/04/2011,Puebla,394.7723
01/07/2011,Puebla,395.5674
01/10/2011,Puebla,347.5139
01/01/2012,Puebla,334.4652
01/04/2012,Puebla,400.2807
01/07/2012,Puebla,336.14
01/10/2012,Puebla,332.3597
01/01/2013,Puebla,305.1962
01/04/2013,Puebla,367.3534
01/07/2013,Puebla,338.8133
01/10/2013,Puebla,323.1965
01/01/2014,Puebla,308.8254
01/04/2014,Puebla,346.1508
01/07/2014,Puebla,343.194
01/10/2014,Puebla,340.4795
01/01/2015,Puebla,319.8477
01/04/2015,Puebla,319.0819
01/07/2015,Puebla,357.3936
01/10/2015,Puebla,339.2558
01/01/2016,Puebla,340.1755
01/04/2016,Puebla,376.9058
01/07/2016,Puebla,368.5921
01/10/2016,Puebla,373.8324
01/01/2017,Puebla,382.4452
01/04/2017,Puebla,409.4369
01/07/2017,Puebla,406.0648
01/10/2017,Puebla,416.0638
01/01/2018,Puebla,380.7379
01/04/2018,Puebla,457.3606
01/07/2018,Puebla,429.6951
01/10/2018,Puebla,437.721
01/01/2019,Puebla,398.4526
01/04/2019,Puebla,463.8782
01/07/2019,Puebla,474.8643
01/10/2019,Puebla,444.9144
01/01/2020,Puebla,440.9793
01/04/2020,Puebla,405.3347
01/07/2020,Puebla,538.5203
01/10/2020,Puebla,488.0359
01/01/2021,Puebla,438.0807
01/04/2021,Puebla,526.5594
01/01/2003,Querétaro,56.5911
01/04/2003,Querétaro,75.4763
01/07/2003,Querétaro,76.6404
01/10/2003,Querétaro,74.6298
01/01/2004,Querétaro,68.1611
01/04/2004,Querétaro,98.4106
01/07/2004,Querétaro,100.8156
01/10/2004,Querétaro,86.0139
01/01/2005,Querétaro,81.1224
01/04/2005,Querétaro,112.1488
01/07/2005,Querétaro,112.1666
01/10/2005,Querétaro,100.4782
01/01/2006,Querétaro,103.2714
01/04/2006,Querétaro,138.0286
01/07/2006,Querétaro,130.3143
01/10/2006,Querétaro,112.4657
01/01/2007,Querétaro,106.5224
01/04/2007,Querétaro,129.5139
01/07/2007,Querétaro,129.8958
01/10/2007,Querétaro,109.1781
01/01/2008,Querétaro,97.7336
01/04/2008,Querétaro,120.8091
01/07/2008,Querétaro,110.887
01/10/2008,Querétaro,106.9727
01/01/2009,Querétaro,93.8103
01/04/2009,Querétaro,97.5433
01/07/2009,Querétaro,92.4984
01/10/2009,Querétaro,76.3028
01/01/2010,Querétaro,74.9706
01/04/2010,Querétaro,101.731
01/07/2010,Querétaro,96.0891
01/10/2010,Querétaro,81.7424
01/01/2011,Querétaro,79.2148
01/04/2011,Querétaro,105.4633
01/07/2011,Querétaro,107.0604
01/10/2011,Querétaro,91.5576
01/01/2012,Querétaro,84.3484
01/04/2012,Querétaro,115.3672
01/07/2012,Querétaro,93.042
01/10/2012,Querétaro,85.8183
01/01/2013,Querétaro,75.6618
01/04/2013,Querétaro,101.0743
01/07/2013,Querétaro,92.8156
01/10/2013,Querétaro,141.9895
01/01/2014,Querétaro,82.9478
01/04/2014,Querétaro,101.8035
01/07/2014,Querétaro,106.0313
01/10/2014,Querétaro,107.4215
01/01/2015,Querétaro,99.9097
01/04/2015,Querétaro,117.455
01/07/2015,Querétaro,128.203
01/10/2015,Querétaro,114.2923
01/01/2016,Querétaro,111.1331
01/04/2016,Querétaro,138.4207
01/07/2016,Querétaro,139.3053
01/10/2016,Querétaro,136.2641
01/01/2017,Querétaro,132.1164
01/04/2017,Querétaro,152.0748
01/07/2017,Querétaro,154.8164
01/10/2017,Querétaro,156.6377
01/01/2018,Querétaro,133.6189
01/04/2018,Querétaro,181.8336
01/07/2018,Querétaro,173.5089
01/10/2018,Querétaro,173.5435
01/01/2019,Querétaro,147.5906
01/04/2019,Querétaro,186.3632
01/07/2019,Querétaro,197.6424
01/10/2019,Querétaro,179.018
01/01/2020,Querétaro,178.1108
01/04/2020,Querétaro,195.5251
01/07/2020,Querétaro,217.6314
01/10/2020,Querétaro,210.9081
01/01/2021,Querétaro,193.6004
01/04/2021,Querétaro,254.5462
01/01/2003,Quintana Roo,9.7764
01/04/2003,Quintana Roo,11.6203
01/07/2003,Quintana Roo,17.5592
01/10/2003,Quintana Roo,13.89
01/01/2004,Quintana Roo,13.5589
01/04/2004,Quintana Roo,18.2238
01/07/2004,Quintana Roo,18.1938
01/10/2004,Quintana Roo,17.4817
01/01/2005,Quintana Roo,19.1143
01/04/2005,Quintana Roo,22.887
01/07/2005,Quintana Roo,21.3068
01/10/2005,Quintana Roo,21.6656
01/01/2006,Quintana Roo,21.4882
01/04/2006,Quintana Roo,25.0248
01/07/2006,Quintana Roo,26.1767
01/10/2006,Quintana Roo,26.847
01/01/2007,Quintana Roo,22.1876
01/04/2007,Quintana Roo,25.2908
01/07/2007,Quintana Roo,26.5194
01/10/2007,Quintana Roo,24.5233
01/01/2008,Quintana Roo,22.4537
01/04/2008,Quintana Roo,26.1201
01/07/2008,Quintana Roo,25.5552
01/10/2008,Quintana Roo,23.2176
01/01/2009,Quintana Roo,20.7798
01/04/2009,Quintana Roo,21.9447
01/07/2009,Quintana Roo,22.0941
01/10/2009,Quintana Roo,20.7532
01/01/2010,Quintana Roo,19.095
01/04/2010,Quintana Roo,23.1579
01/07/2010,Quintana Roo,22.7931
01/10/2010,Quintana Roo,21.758
01/01/2011,Quintana Roo,20.6533
01/04/2011,Quintana Roo,24.1985
01/07/2011,Quintana Roo,24.9682
01/10/2011,Quintana Roo,22.2556
01/01/2012,Quintana Roo,22.8892
01/04/2012,Quintana Roo,25.842
01/07/2012,Quintana Roo,22.0118
01/10/2012,Quintana Roo,22.5786
01/01/2013,Quintana Roo,23.3749
01/04/2013,Quintana Roo,27.3496
01/07/2013,Quintana Roo,25.9793
01/10/2013,Quintana Roo,24.1332
01/01/2014,Quintana Roo,23.7168
01/04/2014,Quintana Roo,26.2757
01/07/2014,Quintana Roo,27.7011
01/10/2014,Quintana Roo,27.3493
01/01/2015,Quintana Roo,27.1844
01/04/2015,Quintana Roo,32.5642
01/07/2015,Quintana Roo,31.1686
01/10/2015,Quintana Roo,29.9752
01/01/2016,Quintana Roo,29.3125
01/04/2016,Quintana Roo,32.1952
01/07/2016,Quintana Roo,33.6335
01/10/2016,Quintana Roo,34.5874
01/01/2017,Quintana Roo,33.2854
01/04/2017,Quintana Roo,35.7632
01/07/2017,Quintana Roo,37.8159
01/10/2017,Quintana Roo,39.1307
01/01/2018,Quintana Roo,37.0934
01/04/2018,Quintana Roo,41.7588
01/07/2018,Quintana Roo,42.5284
01/10/2018,Quintana Roo,45.1048
01/01/2019,Quintana Roo,41.8466
01/04/2019,Quintana Roo,49.2708
01/07/2019,Quintana Roo,49.2154
01/10/2019,Quintana Roo,46.4372
01/01/2020,Quintana Roo,44.4784
01/04/2020,Quintana Roo,43.0546
01/07/2020,Quintana Roo,88.1762
01/10/2020,Quintana Roo,63.7927
01/01/2021,Quintana Roo,65.2821
01/04/2021,Quintana Roo,79.6833
01/01/2003,San Luis Potosí,79.0674
01/04/2003,San Luis Potosí,103.3746
01/07/2003,San Luis Potosí,118.1059
01/10/2003,San Luis Potosí,102.9541
01/01/2004,San Luis Potosí,94.8223
01/04/2004,San Luis Potosí,127.6238
01/07/2004,San Luis Potosí,132.4156
01/10/2004,San Luis Potosí,114.3481
01/01/2005,San Luis Potosí,114.1842
01/04/2005,San Luis Potosí,150.1898
01/07/2005,San Luis Potosí,151.3164
01/10/2005,San Luis Potosí,146.6186
01/01/2006,San Luis Potosí,151.894
01/04/2006,San Luis Potosí,195.0381
01/07/2006,San Luis Potosí,193.1353
01/10/2006,San Luis Potosí,174.422
01/01/2007,San Luis Potosí,167.3357
01/04/2007,San Luis Potosí,208.3689
01/07/2007,San Luis Potosí,211.9484
01/10/2007,San Luis Potosí,190.7236
01/01/2008,San Luis Potosí,167.8998
01/04/2008,San Luis Potosí,211.3338
01/07/2008,San Luis Potosí,194.5877
01/10/2008,San Luis Potosí,186.9304
01/01/2009,San Luis Potosí,160.0857
01/04/2009,San Luis Potosí,168.0552
01/07/2009,San Luis Potosí,161.7542
01/10/2009,San Luis Potosí,136.8649
01/01/2010,San Luis Potosí,136.9676
01/04/2010,San Luis Potosí,171.6194
01/07/2010,San Luis Potosí,166.8738
01/10/2010,San Luis Potosí,154.0093
01/01/2011,San Luis Potosí,144.9982
01/04/2011,San Luis Potosí,190.2209
01/07/2011,San Luis Potosí,191.3702
01/10/2011,San Luis Potosí,174.207
01/01/2012,San Luis Potosí,164.0889
01/04/2012,San Luis Potosí,209.5444
01/07/2012,San Luis Potosí,186.7913
01/10/2012,San Luis Potosí,178.271
01/01/2013,San Luis Potosí,155.2298
01/04/2013,San Luis Potosí,194.9855
01/07/2013,San Luis Potosí,185.0802
01/10/2013,San Luis Potosí,171.7436
01/01/2014,San Luis Potosí,163.1337
01/04/2014,San Luis Potosí,199.1592
01/07/2014,San Luis Potosí,203.4218
01/10/2014,San Luis Potosí,204.1698
01/01/2015,San Luis Potosí,179.7582
01/04/2015,San Luis Potosí,214.8015
01/07/2015,San Luis Potosí,236.4619
01/10/2015,San Luis Potosí,216.4019
01/01/2016,San Luis Potosí,206.5435
01/04/2016,San Luis Potosí,247.0238
01/07/2016,San Luis Potosí,255.2066
01/10/2016,San Luis Potosí,252.0547
01/01/2017,San Luis Potosí,242.8826
01/04/2017,San Luis Potosí,287.6311
01/07/2017,San Luis Potosí,293.4949
01/10/2017,San Luis Potosí,301.7785
01/01/2018,San Luis Potosí,255.2681
01/04/2018,San Luis Potosí,337.1455
01/07/2018,San Luis Potosí,324.5717
01/10/2018,San Luis Potosí,323.0747
01/01/2019,San Luis Potosí,282.1676
01/04/2019,San Luis Potosí,351.9687
01/07/2019,San Luis Potosí,368.8767
01/10/2019,San Luis Potosí,342.4491
01/01/2020,San Luis Potosí,326.207
01/04/2020,San Luis Potosí,367.9987
01/07/2020,San Luis Potosí,360.913
01/10/2020,San Luis Potosí,370.0801
01/01/2021,San Luis Potosí,338.6754
01/04/2021,San Luis Potosí,442.4094
01/01/2003,Sinaloa,69.2493
01/04/2003,Sinaloa,83.2809
01/07/2003,Sinaloa,85.0878
01/10/2003,Sinaloa,82.8952
01/01/2004,Sinaloa,80.152
01/04/2004,Sinaloa,100.6677
01/07/2004,Sinaloa,100.3545
01/10/2004,Sinaloa,92.8462
01/01/2005,Sinaloa,95.5535
01/04/2005,Sinaloa,119.0398
01/07/2005,Sinaloa,119.091
01/10/2005,Sinaloa,117.4473
01/01/2006,Sinaloa,115.7903
01/04/2006,Sinaloa,135.6063
01/07/2006,Sinaloa,129.1623
01/10/2006,Sinaloa,122.6601
01/01/2007,Sinaloa,123.1669
01/04/2007,Sinaloa,138.9435
01/07/2007,Sinaloa,134.2501
01/10/2007,Sinaloa,126.632
01/01/2008,Sinaloa,119.3994
01/04/2008,Sinaloa,133.0379
01/07/2008,Sinaloa,117.1215
01/10/2008,Sinaloa,118.1299
01/01/2009,Sinaloa,117.395
01/04/2009,Sinaloa,118.7825
01/07/2009,Sinaloa,113.144
01/10/2009,Sinaloa,107.424
01/01/2010,Sinaloa,110.9438
01/04/2010,Sinaloa,125.6836
01/07/2010,Sinaloa,117.0117
01/10/2010,Sinaloa,116.5805
01/01/2011,Sinaloa,118.1399
01/04/2011,Sinaloa,134.1303
01/07/2011,Sinaloa,133.8296
01/10/2011,Sinaloa,125.7215
01/01/2012,Sinaloa,124.5172
01/04/2012,Sinaloa,140.3322
01/07/2012,Sinaloa,121.0203
01/10/2012,Sinaloa,115.3557
01/01/2013,Sinaloa,118.4076
01/04/2013,Sinaloa,136.9659
01/07/2013,Sinaloa,126.6914
01/10/2013,Sinaloa,120.9119
01/01/2014,Sinaloa,126.5127
01/04/2014,Sinaloa,133.8585
01/07/2014,Sinaloa,123.337
01/10/2014,Sinaloa,133.3145
01/01/2015,Sinaloa,129.915
01/04/2015,Sinaloa,135.4496
01/07/2015,Sinaloa,134.4361
01/10/2015,Sinaloa,129.1246
01/01/2016,Sinaloa,137.184
01/04/2016,Sinaloa,147.025
01/07/2016,Sinaloa,165.7727
01/10/2016,Sinaloa,172.6891
01/01/2017,Sinaloa,169.7589
01/04/2017,Sinaloa,183.5853
01/07/2017,Sinaloa,176.4084
01/10/2017,Sinaloa,190.259
01/01/2018,Sinaloa,175.1716
01/04/2018,Sinaloa,210.9427
01/07/2018,Sinaloa,197.1036
01/10/2018,Sinaloa,223.8809
01/01/2019,Sinaloa,202.7191
01/04/2019,Sinaloa,236.3875
01/07/2019,Sinaloa,240.2133
01/10/2019,Sinaloa,243.6762
01/01/2020,Sinaloa,238.8584
01/04/2020,Sinaloa,276.2079
01/07/2020,Sinaloa,260.3312
01/10/2020,Sinaloa,263.995
01/01/2021,Sinaloa,267.1406
01/04/2021,Sinaloa,302.035
01/01/2003,Sonora,27.583
01/04/2003,Sonora,31.9094
01/07/2003,Sonora,35.8036
01/10/2003,Sonora,33.0345
01/01/2004,Sonora,35.7754
01/04/2004,Sonora,45.7665
01/07/2004,Sonora,46.1227
01/10/2004,Sonora,42.7561
01/01/2005,Sonora,62.7161
01/04/2005,Sonora,81.6243
01/07/2005,Sonora,76.4806
01/10/2005,Sonora,73.9052
01/01/2006,Sonora,86.2704
01/04/2006,Sonora,92.2918
01/07/2006,Sonora,77.3179
01/10/2006,Sonora,70.0857
01/01/2007,Sonora,77.4321
01/04/2007,Sonora,91.6572
01/07/2007,Sonora,87.0194
01/10/2007,Sonora,76.2324
01/01/2008,Sonora,77.8833
01/04/2008,Sonora,89.8568
01/07/2008,Sonora,76.4314
01/10/2008,Sonora,66.784
01/01/2009,Sonora,69.8534
01/04/2009,Sonora,75.9683
01/07/2009,Sonora,71.6559
01/10/2009,Sonora,61.2254
01/01/2010,Sonora,67.8625
01/04/2010,Sonora,76.2862
01/07/2010,Sonora,72.2103
01/10/2010,Sonora,75.6607
01/01/2011,Sonora,82.3034
01/04/2011,Sonora,86.5791
01/07/2011,Sonora,81.6954
01/10/2011,Sonora,76.3377
01/01/2012,Sonora,82.7191
01/04/2012,Sonora,91.6153
01/07/2012,Sonora,77.3882
01/10/2012,Sonora,75.0361
01/01/2013,Sonora,80.2588
01/04/2013,Sonora,94.0096
01/07/2013,Sonora,84.2469
01/10/2013,Sonora,82.6413
01/01/2014,Sonora,79.6202
01/04/2014,Sonora,89.1743
01/07/2014,Sonora,83.348
01/10/2014,Sonora,84.9692
01/01/2015,Sonora,85.1597
01/04/2015,Sonora,123.7923
01/07/2015,Sonora,95.3014
01/10/2015,Sonora,94.7861
01/01/2016,Sonora,99.5117
01/04/2016,Sonora,113.0398
01/07/2016,Sonora,101.7854
01/10/2016,Sonora,98.8292
01/01/2017,Sonora,99.9937
01/04/2017,Sonora,111.1176
01/07/2017,Sonora,115.304
01/10/2017,Sonora,121.6983
01/01/2018,Sonora,112.0583
01/04/2018,Sonora,141.0912
01/07/2018,Sonora,134.2599
01/10/2018,Sonora,142.8893
01/01/2019,Sonora,132.3228
01/04/2019,Sonora,156.4886
01/07/2019,Sonora,155.8952
01/10/2019,Sonora,148.2481
01/01/2020,Sonora,154.8999
01/04/2020,Sonora,183.7527
01/07/2020,Sonora,189.5668
01/10/2020,Sonora,179.7736
01/01/2021,Sonora,185.2031
01/04/2021,Sonora,226.1289
01/01/2003,Tabasco,17.3948
01/04/2003,Tabasco,21.6538
01/07/2003,Tabasco,23.3703
01/10/2003,Tabasco,23.4745
01/01/2004,Tabasco,20.2184
01/04/2004,Tabasco,27.8028
01/07/2004,Tabasco,29.571
01/10/2004,Tabasco,27.6926
01/01/2005,Tabasco,30.4254
01/04/2005,Tabasco,41.0172
01/07/2005,Tabasco,42.4056
01/10/2005,Tabasco,42.6102
01/01/2006,Tabasco,42.2574
01/04/2006,Tabasco,51.5967
01/07/2006,Tabasco,49.0842
01/10/2006,Tabasco,44.9006
01/01/2007,Tabasco,41.3904
01/04/2007,Tabasco,48.5989
01/07/2007,Tabasco,49.6426
01/10/2007,Tabasco,43.1923
01/01/2008,Tabasco,37.1659
01/04/2008,Tabasco,44.3609
01/07/2008,Tabasco,39.6832
01/10/2008,Tabasco,34.8073
01/01/2009,Tabasco,30.4462
01/04/2009,Tabasco,30.8374
01/07/2009,Tabasco,28.6507
01/10/2009,Tabasco,24.4774
01/01/2010,Tabasco,25.7252
01/04/2010,Tabasco,31.085
01/07/2010,Tabasco,29.075
01/10/2010,Tabasco,25.4575
01/01/2011,Tabasco,25.4771
01/04/2011,Tabasco,30.7569
01/07/2011,Tabasco,29.7844
01/10/2011,Tabasco,25.7101
01/01/2012,Tabasco,27.0595
01/04/2012,Tabasco,32.2949
01/07/2012,Tabasco,27.1435
01/10/2012,Tabasco,24.7656
01/01/2013,Tabasco,25.6197
01/04/2013,Tabasco,34.0058
01/07/2013,Tabasco,30.0632
01/10/2013,Tabasco,27.486
01/01/2014,Tabasco,30.2263
01/04/2014,Tabasco,37.9016
01/07/2014,Tabasco,31.5805
01/10/2014,Tabasco,31.2547
01/01/2015,Tabasco,28.4479
01/04/2015,Tabasco,84.8113
01/07/2015,Tabasco,34.1979
01/10/2015,Tabasco,33.6508
01/01/2016,Tabasco,32.3373
01/04/2016,Tabasco,40.1485
01/07/2016,Tabasco,39.8209
01/10/2016,Tabasco,41.868
01/01/2017,Tabasco,37.4872
01/04/2017,Tabasco,39.7234
01/07/2017,Tabasco,43.3051
01/10/2017,Tabasco,44.2654
01/01/2018,Tabasco,42.3217
01/04/2018,Tabasco,54.1946
01/07/2018,Tabasco,54.0017
01/10/2018,Tabasco,57.6945
01/01/2019,Tabasco,59.6536
01/04/2019,Tabasco,79.8031
01/07/2019,Tabasco,62.6929
01/10/2019,Tabasco,49.5461
01/01/2020,Tabasco,59.0307
01/04/2020,Tabasco,56.2194
01/07/2020,Tabasco,86.5798
01/10/2020,Tabasco,77.6601
01/01/2021,Tabasco,86.5801
01/04/2021,Tabasco,108.5302
01/01/2003,Tamaulipas,49.4152
01/04/2003,Tamaulipas,59.2699
01/07/2003,Tamaulipas,65.1417
01/10/2003,Tamaulipas,60.636
01/01/2004,Tamaulipas,57.9866
01/04/2004,Tamaulipas,77.5918
01/07/2004,Tamaulipas,78.5468
01/10/2004,Tamaulipas,69.978
01/01/2005,Tamaulipas,85.8051
01/04/2005,Tamaulipas,115.4852
01/07/2005,Tamaulipas,113.909
01/10/2005,Tamaulipas,110.1342
01/01/2006,Tamaulipas,116.3313
01/04/2006,Tamaulipas,135.3509
01/07/2006,Tamaulipas,127.3751
01/10/2006,Tamaulipas,117.6697
01/01/2007,Tamaulipas,113.4882
01/04/2007,Tamaulipas,141.027
01/07/2007,Tamaulipas,138.9266
01/10/2007,Tamaulipas,123.2447
01/01/2008,Tamaulipas,117.667
01/04/2008,Tamaulipas,137.6185
01/07/2008,Tamaulipas,128.3367
01/10/2008,Tamaulipas,116.8892
01/01/2009,Tamaulipas,104.4858
01/04/2009,Tamaulipas,109.2808
01/07/2009,Tamaulipas,108.3877
01/10/2009,Tamaulipas,92.8093
01/01/2010,Tamaulipas,87.9904
01/04/2010,Tamaulipas,112.806
01/07/2010,Tamaulipas,104.6083
01/10/2010,Tamaulipas,96.8922
01/01/2011,Tamaulipas,95.1302
01/04/2011,Tamaulipas,119.6336
01/07/2011,Tamaulipas,120.5552
01/10/2011,Tamaulipas,109.9808
01/01/2012,Tamaulipas,112.232
01/04/2012,Tamaulipas,139.1467
01/07/2012,Tamaulipas,121.9626
01/10/2012,Tamaulipas,112.1456
01/01/2013,Tamaulipas,146.1904
01/04/2013,Tamaulipas,195.388
01/07/2013,Tamaulipas,190.3911
01/10/2013,Tamaulipas,177.3135
01/01/2014,Tamaulipas,200.7822
01/04/2014,Tamaulipas,261.355
01/07/2014,Tamaulipas,190.8365
01/10/2014,Tamaulipas,180.1877
01/01/2015,Tamaulipas,142.7201
01/04/2015,Tamaulipas,185.8193
01/07/2015,Tamaulipas,180.1627
01/10/2015,Tamaulipas,167.9256
01/01/2016,Tamaulipas,147.7233
01/04/2016,Tamaulipas,172.9974
01/07/2016,Tamaulipas,168.0992
01/10/2016,Tamaulipas,164.7461
01/01/2017,Tamaulipas,155.1009
01/04/2017,Tamaulipas,179.3017
01/07/2017,Tamaulipas,194.6466
01/10/2017,Tamaulipas,199.4262
01/01/2018,Tamaulipas,171.2805
01/04/2018,Tamaulipas,215.7391
01/07/2018,Tamaulipas,212.9237
01/10/2018,Tamaulipas,203.9923
01/01/2019,Tamaulipas,185.8173
01/04/2019,Tamaulipas,233.2332
01/07/2019,Tamaulipas,237.0264
01/10/2019,Tamaulipas,216.9594
01/01/2020,Tamaulipas,205.6261
01/04/2020,Tamaulipas,238.4113
01/07/2020,Tamaulipas,260.6096
01/10/2020,Tamaulipas,239.9046
01/01/2021,Tamaulipas,235.3452
01/04/2021,Tamaulipas,295.0993
01/01/2003,Tlaxcala,28.7751
01/04/2003,Tlaxcala,37.302
01/07/2003,Tlaxcala,41.8739
01/10/2003,Tlaxcala,41.2394
01/01/2004,Tlaxcala,35.4409
01/04/2004,Tlaxcala,47.0415
01/07/2004,Tlaxcala,56.3409
01/10/2004,Tlaxcala,46.2692
01/01/2005,Tlaxcala,41.3286
01/04/2005,Tlaxcala,57.3201
01/07/2005,Tlaxcala,63.8884
01/10/2005,Tlaxcala,58.5633
01/01/2006,Tlaxcala,54.08
01/04/2006,Tlaxcala,72.3303
01/07/2006,Tlaxcala,76.5805
01/10/2006,Tlaxcala,67.6929
01/01/2007,Tlaxcala,61.3728
01/04/2007,Tlaxcala,78.5077
01/07/2007,Tlaxcala,87.2706
01/10/2007,Tlaxcala,76.1505
01/01/2008,Tlaxcala,64.1296
01/04/2008,Tlaxcala,80.5376
01/07/2008,Tlaxcala,84.2466
01/10/2008,Tlaxcala,76.2925
01/01/2009,Tlaxcala,60.8023
01/04/2009,Tlaxcala,67.1839
01/07/2009,Tlaxcala,71.9896
01/10/2009,Tlaxcala,58.884
01/01/2010,Tlaxcala,52.0879
01/04/2010,Tlaxcala,69.9081
01/07/2010,Tlaxcala,73.9488
01/10/2010,Tlaxcala,62.5753
01/01/2011,Tlaxcala,57.3454
01/04/2011,Tlaxcala,72.922
01/07/2011,Tlaxcala,80.313
01/10/2011,Tlaxcala,63.9656
01/01/2012,Tlaxcala,58.2083
01/04/2012,Tlaxcala,72.8836
01/07/2012,Tlaxcala,64.9322
01/10/2012,Tlaxcala,57.2127
01/01/2013,Tlaxcala,46.2452
01/04/2013,Tlaxcala,58.6031
01/07/2013,Tlaxcala,59.6653
01/10/2013,Tlaxcala,52.5558
01/01/2014,Tlaxcala,45.9429
01/04/2014,Tlaxcala,56.0366
01/07/2014,Tlaxcala,61.4405
01/10/2014,Tlaxcala,55.4379
01/01/2015,Tlaxcala,48.4601
01/04/2015,Tlaxcala,130.2564
01/07/2015,Tlaxcala,63.8779
01/10/2015,Tlaxcala,54.5097
01/01/2016,Tlaxcala,49.2795
01/04/2016,Tlaxcala,59.9378
01/07/2016,Tlaxcala,65.4381
01/10/2016,Tlaxcala,58.516
01/01/2017,Tlaxcala,54.0892
01/04/2017,Tlaxcala,63.0229
01/07/2017,Tlaxcala,68.4517
01/10/2017,Tlaxcala,63.9974
01/01/2018,Tlaxcala,51.715
01/04/2018,Tlaxcala,68.0039
01/07/2018,Tlaxcala,69.9106
01/10/2018,Tlaxcala,66.15
01/01/2019,Tlaxcala,54.0557
01/04/2019,Tlaxcala,68.3023
01/07/2019,Tlaxcala,72.8041
01/10/2019,Tlaxcala,61.4573
01/01/2020,Tlaxcala,53.6448
01/04/2020,Tlaxcala,55.0363
01/07/2020,Tlaxcala,70.7083
01/10/2020,Tlaxcala,64.7993
01/01/2021,Tlaxcala,59.1665
01/04/2021,Tlaxcala,78.8338
01/01/2003,Veracruz,209.5491
01/04/2003,Veracruz,255.6134
01/07/2003,Veracruz,263.1958
01/10/2003,Veracruz,270.8241
01/01/2004,Veracruz,233.0826
01/04/2004,Veracruz,312.2909
01/07/2004,Veracruz,322.8215
01/10/2004,Veracruz,299.8576
01/01/2005,Veracruz,279.4688
01/04/2005,Veracruz,360.141
01/07/2005,Veracruz,365.6277
01/10/2005,Veracruz,368.2441
01/01/2006,Veracruz,366.8171
01/04/2006,Veracruz,463.0845
01/07/2006,Veracruz,437.5936
01/10/2006,Veracruz,413.2864
01/01/2007,Veracruz,392.4725
01/04/2007,Veracruz,462.0967
01/07/2007,Veracruz,493.1091
01/10/2007,Veracruz,428.0511
01/01/2008,Veracruz,375.2192
01/04/2008,Veracruz,444.3432
01/07/2008,Veracruz,411.1512
01/10/2008,Veracruz,387.5952
01/01/2009,Veracruz,341.1452
01/04/2009,Veracruz,344.5329
01/07/2009,Veracruz,327.0306
01/10/2009,Veracruz,283.594
01/01/2010,Veracruz,280.9259
01/04/2010,Veracruz,346.9656
01/07/2010,Veracruz,324.0038
01/10/2010,Veracruz,285.5419
01/01/2011,Veracruz,291.7779
01/04/2011,Veracruz,353.3386
01/07/2011,Veracruz,339.6058
01/10/2011,Veracruz,288.3641
01/01/2012,Veracruz,288.3006
01/04/2012,Veracruz,349.7124
01/07/2012,Veracruz,275.3337
01/10/2012,Veracruz,262.663
01/01/2013,Veracruz,237.4112
01/04/2013,Veracruz,290.9245
01/07/2013,Veracruz,261.6828
01/10/2013,Veracruz,237.6371
01/01/2014,Veracruz,234.8284
01/04/2014,Veracruz,278.7559
01/07/2014,Veracruz,271.0018
01/10/2014,Veracruz,262.8266
01/01/2015,Veracruz,249.183
01/04/2015,Veracruz,264.9429
01/07/2015,Veracruz,285.9105
01/10/2015,Veracruz,261.4512
01/01/2016,Veracruz,259.9767
01/04/2016,Veracruz,294.4425
01/07/2016,Veracruz,283.4936
01/10/2016,Veracruz,286.0538
01/01/2017,Veracruz,303.8808
01/04/2017,Veracruz,327.7677
01/07/2017,Veracruz,326.0549
01/10/2017,Veracruz,328.5469
01/01/2018,Veracruz,289.5411
01/04/2018,Veracruz,373.7803
01/07/2018,Veracruz,358.8188
01/10/2018,Veracruz,361.5219
01/01/2019,Veracruz,324.0366
01/04/2019,Veracruz,397.0494
01/07/2019,Veracruz,417.209
01/10/2019,Veracruz,373.3032
01/01/2020,Veracruz,368.2978
01/04/2020,Veracruz,378.6018
01/07/2020,Veracruz,448.2654
01/10/2020,Veracruz,419.0197
01/01/2021,Veracruz,401.3375
01/04/2021,Veracruz,506.9472
01/01/2003,Yucatán,12.1488
01/04/2003,Yucatán,14.2889
01/07/2003,Yucatán,17.0359
01/10/2003,Yucatán,16.9372
01/01/2004,Yucatán,15.8887
01/04/2004,Yucatán,19.5704
01/07/2004,Yucatán,20.3736
01/10/2004,Yucatán,19.9137
01/01/2005,Yucatán,19.8693
01/04/2005,Yucatán,23.8946
01/07/2005,Yucatán,24.3301
01/10/2005,Yucatán,26.043
01/01/2006,Yucatán,26.3358
01/04/2006,Yucatán,30.9908
01/07/2006,Yucatán,32.2582
01/10/2006,Yucatán,32.4936
01/01/2007,Yucatán,31.3431
01/04/2007,Yucatán,34.355
01/07/2007,Yucatán,36.1851
01/10/2007,Yucatán,34.8684
01/01/2008,Yucatán,33.2093
01/04/2008,Yucatán,37.0123
01/07/2008,Yucatán,34.192
01/10/2008,Yucatán,31.7089
01/01/2009,Yucatán,28.0287
01/04/2009,Yucatán,28.8244
01/07/2009,Yucatán,27.5886
01/10/2009,Yucatán,25.4941
01/01/2010,Yucatán,27.3113
01/04/2010,Yucatán,29.4348
01/07/2010,Yucatán,29.1213
01/10/2010,Yucatán,26.8253
01/01/2011,Yucatán,27.47
01/04/2011,Yucatán,30.8103
01/07/2011,Yucatán,31.25
01/10/2011,Yucatán,28.2787
01/01/2012,Yucatán,29.1033
01/04/2012,Yucatán,32.0434
01/07/2012,Yucatán,29.0815
01/10/2012,Yucatán,28.9653
01/01/2013,Yucatán,29.807
01/04/2013,Yucatán,33.9141
01/07/2013,Yucatán,31.8192
01/10/2013,Yucatán,29.887
01/01/2014,Yucatán,30.3664
01/04/2014,Yucatán,32.9035
01/07/2014,Yucatán,33.4575
01/10/2014,Yucatán,32.5927
01/01/2015,Yucatán,32.4857
01/04/2015,Yucatán,39.5789
01/07/2015,Yucatán,35.0306
01/10/2015,Yucatán,32.9391
01/01/2016,Yucatán,32.7958
01/04/2016,Yucatán,36.6573
01/07/2016,Yucatán,36.9965
01/10/2016,Yucatán,36.3434
01/01/2017,Yucatán,41.0515
01/04/2017,Yucatán,45.2117
01/07/2017,Yucatán,47.2523
01/10/2017,Yucatán,47.4661
01/01/2018,Yucatán,45.0797
01/04/2018,Yucatán,54.234
01/07/2018,Yucatán,51.9384
01/10/2018,Yucatán,54.2537
01/01/2019,Yucatán,48.5296
01/04/2019,Yucatán,56.7025
01/07/2019,Yucatán,59.1506
01/10/2019,Yucatán,57.1004
01/01/2020,Yucatán,58.3251
01/04/2020,Yucatán,45.4005
01/07/2020,Yucatán,74.3865
01/10/2020,Yucatán,65.5741
01/01/2021,Yucatán,66.1321
01/04/2021,Yucatán,83.3338
01/01/2003,Zacatecas,85.7964
01/04/2003,Zacatecas,105.5812
01/07/2003,Zacatecas,107.3841
01/10/2003,Zacatecas,103.6052
01/01/2004,Zacatecas,101.06
01/04/2004,Zacatecas,133.6355
01/07/2004,Zacatecas,131.3582
01/10/2004,Zacatecas,118.5583
01/01/2005,Zacatecas,114.2931
01/04/2005,Zacatecas,146.3476
01/07/2005,Zacatecas,141.5848
01/10/2005,Zacatecas,138.2595
01/01/2006,Zacatecas,148.0112
01/04/2006,Zacatecas,185.3214
01/07/2006,Zacatecas,174.4959
01/10/2006,Zacatecas,159.8963
01/01/2007,Zacatecas,158.6429
01/04/2007,Zacatecas,184.2364
01/07/2007,Zacatecas,180.4492
01/10/2007,Zacatecas,164.0864
01/01/2008,Zacatecas,155.046
01/04/2008,Zacatecas,191.5485
01/07/2008,Zacatecas,168.9793
01/10/2008,Zacatecas,165.977
01/01/2009,Zacatecas,154.2323
01/04/2009,Zacatecas,154.482
01/07/2009,Zacatecas,139.7735
01/10/2009,Zacatecas,124.8077
01/01/2010,Zacatecas,136.8111
01/04/2010,Zacatecas,158.6751
01/07/2010,Zacatecas,148.5753
01/10/2010,Zacatecas,137.6504
01/01/2011,Zacatecas,142.615
01/04/2011,Zacatecas,168.0181
01/07/2011,Zacatecas,165.3853
01/10/2011,Zacatecas,149.4344
01/01/2012,Zacatecas,152.9931
01/04/2012,Zacatecas,187.3337
01/07/2012,Zacatecas,158.8864
01/10/2012,Zacatecas,155.2369
01/01/2013,Zacatecas,141.0833
01/04/2013,Zacatecas,175.7304
01/07/2013,Zacatecas,163.4966
01/10/2013,Zacatecas,153.4899
01/01/2014,Zacatecas,155.5636
01/04/2014,Zacatecas,179.6064
01/07/2014,Zacatecas,180.277
01/10/2014,Zacatecas,184.7201
01/01/2015,Zacatecas,175.1145
01/04/2015,Zacatecas,185.62
01/07/2015,Zacatecas,204.6756
01/10/2015,Zacatecas,190.275
01/01/2016,Zacatecas,193.862
01/04/2016,Zacatecas,228.4065
01/07/2016,Zacatecas,228.8298
01/10/2016,Zacatecas,226.9685
01/01/2017,Zacatecas,223.4371
01/04/2017,Zacatecas,260.4072
01/07/2017,Zacatecas,260.2551
01/10/2017,Zacatecas,261.2053
01/01/2018,Zacatecas,228.198
01/04/2018,Zacatecas,303.7115
01/07/2018,Zacatecas,277.9812
01/10/2018,Zacatecas,285.9793
01/01/2019,Zacatecas,244.5881
01/04/2019,Zacatecas,295.7832
01/07/2019,Zacatecas,306.7315
01/10/2019,Zacatecas,281.9137
01/01/2020,Zacatecas,291.3003
01/04/2020,Zacatecas,305.5302
01/07/2020,Zacatecas,299.3661
01/10/2020,Zacatecas,306.0885
01/01/2021,Zacatecas,322.6596
01/04/2021,Zacatecas,408.9089
